transaction_id,customer_id,transaction_amount,payment_status,failure_reason,payment_method,successful_payments,failed_payments,total_customer_spend,average_order_value,previous_recovery_attempts,previous_recovery_success,days_since_last_purchase,customer_tenure_days,recovered
txn_25795,cust_8270,23770.32,failed,expired_card,debit_card,18,7,6922.9800000000005,384.61,0,0,100,615,0
txn_77221,cust_9322,1457.47,failed,expired_card,netbanking,20,1,31815.8,1590.79,1,0,236,386,1
txn_35658,cust_9666,10026.53,failed,insufficient_funds,netbanking,46,3,90806.76,1974.06,0,0,131,783,0
txn_90038,cust_9838,380.96,failed,authentication_failed,debit_card,25,5,30784.500000000004,1231.38,2,2,428,777,1
txn_90077,cust_9226,9806.96,failed,insufficient_funds,upi,41,4,41237.39,1005.79,2,1,218,390,1
txn_42606,cust_5297,23050.76,failed,insufficient_funds,credit_card,39,5,78176.28,2004.52,1,0,53,702,1
txn_49099,cust_5859,13590.27,failed,insufficient_funds,upi,24,7,52192.08,2174.67,0,0,8,65,1
txn_97538,cust_6258,17686.09,failed,expired_card,upi,41,7,134901.48,3290.28,2,0,33,773,0
txn_87373,cust_3454,8163.32,failed,expired_card,debit_card,34,1,67195.56,1976.34,2,1,643,987,0
txn_16910,cust_8385,6438.9,failed,insufficient_funds,upi,41,3,10414.0,254.0,2,0,564,858,1
txn_28141,cust_7019,3526.32,failed,expired_card,debit_card,35,7,53192.299999999996,1519.78,1,1,28,541,1
txn_28047,cust_6450,20195.63,failed,network_error,credit_card,0,9,0.0,0.0,0,0,116,225,1
txn_68053,cust_8526,12793.15,failed,card_declined,credit_card,41,8,193530.66,4720.26,1,1,608,819,1
txn_64384,cust_4763,1669.06,failed,insufficient_funds,credit_card,1,3,1574.3,1574.3,0,0,81,807,1
txn_10854,cust_5737,7002.23,failed,authentication_failed,credit_card,43,6,55301.009999999995,1286.07,2,2,123,130,1
txn_77863,cust_5389,11784.0,failed,authentication_failed,credit_card,47,1,39410.44,838.5200000000001,2,1,464,511,1
txn_12811,cust_1659,16955.23,failed,insufficient_funds,debit_card,19,7,18133.6,954.4,0,0,128,147,1
txn_11802,cust_5736,8559.61,failed,insufficient_funds,netbanking,41,3,50015.9,1219.9,1,1,572,990,1
txn_30932,cust_6423,22515.43,failed,expired_card,credit_card,18,3,77327.81999999999,4295.99,1,1,33,99,1
txn_42711,cust_2648,19644.25,failed,expired_card,debit_card,24,3,116902.79999999999,4870.95,1,1,110,112,1
txn_71135,cust_3869,24861.71,failed,insufficient_funds,credit_card,20,4,37914.0,1895.7,2,2,128,398,1
txn_50818,cust_5555,15926.5,failed,insufficient_funds,debit_card,44,3,196725.31999999998,4471.03,2,2,226,230,1
txn_15600,cust_8022,4921.31,failed,expired_card,credit_card,48,1,238718.40000000002,4973.3,1,0,46,547,0
txn_28711,cust_2060,8302.22,failed,card_declined,debit_card,32,4,49369.6,1542.8,0,0,161,700,1
txn_36641,cust_9319,13942.19,failed,authentication_failed,debit_card,45,8,50566.5,1123.7,2,1,663,872,1
txn_20729,cust_1154,21940.46,failed,expired_card,debit_card,47,7,72314.2,1538.6,2,1,408,811,0
txn_99912,cust_6625,15715.97,failed,insufficient_funds,credit_card,13,3,22830.34,1756.18,1,1,288,400,1
txn_62921,cust_1853,13588.98,failed,insufficient_funds,debit_card,48,4,13933.920000000002,290.29,2,1,101,342,1
txn_13051,cust_4124,24133.03,failed,card_declined,upi,29,3,93478.89,3223.41,0,0,370,992,1
txn_96672,cust_2693,10000.58,failed,card_declined,upi,36,5,17866.079999999998,496.28,2,0,129,346,1
txn_56175,cust_1512,13753.21,failed,expired_card,debit_card,0,7,0.0,0.0,0,0,790,885,1
txn_95067,cust_9130,14172.63,failed,insufficient_funds,credit_card,13,5,7297.81,561.37,1,1,204,285,1
txn_45247,cust_7617,20182.48,failed,insufficient_funds,debit_card,22,6,70663.12,3211.9599999999996,1,1,223,357,1
txn_19823,cust_3489,21419.42,failed,expired_card,credit_card,15,7,70902.45,4726.83,2,1,675,792,0
txn_80588,cust_5000,13663.14,failed,authentication_failed,credit_card,39,2,11345.880000000001,290.92,1,0,215,417,1
txn_98668,cust_9967,21129.64,failed,insufficient_funds,upi,6,4,20970.96,3495.16,1,0,75,617,0
txn_43496,cust_8587,20096.85,failed,insufficient_funds,credit_card,23,3,113930.04,4953.48,1,0,96,457,1
txn_42479,cust_8357,21467.4,failed,card_declined,upi,34,9,66329.58,1950.8700000000001,0,0,62,217,0
txn_60517,cust_1728,7476.0,failed,insufficient_funds,credit_card,40,3,21892.0,547.3,2,1,223,445,0
txn_70921,cust_5946,15814.34,failed,card_declined,credit_card,20,4,94727.0,4736.35,0,0,7,25,1
txn_31689,cust_6161,1486.09,failed,card_declined,debit_card,28,2,135698.92,4846.39,0,0,74,215,0
txn_87052,cust_8056,20970.1,failed,card_declined,credit_card,49,2,24431.89,498.61,0,0,339,393,1
txn_67854,cust_2365,22696.96,failed,card_declined,credit_card,30,3,117240.6,3908.02,1,0,91,252,1
txn_14748,cust_5268,10159.79,failed,card_declined,upi,40,7,150224.8,3755.62,0,0,348,456,1
txn_38016,cust_2214,2118.14,failed,card_declined,debit_card,43,5,13444.380000000001,312.66,0,0,11,58,0
txn_27640,cust_7190,5459.39,failed,insufficient_funds,netbanking,2,7,645.38,322.69,1,1,358,566,1
txn_39703,cust_1667,4283.51,failed,expired_card,credit_card,49,5,238851.97,4874.53,2,1,145,316,1
txn_67043,cust_7132,15089.41,failed,insufficient_funds,credit_card,5,2,10707.650000000001,2141.53,0,0,450,547,1
txn_33793,cust_9989,13812.12,failed,insufficient_funds,debit_card,0,2,0.0,0.0,0,0,267,374,1
txn_72680,cust_5158,24249.36,failed,network_error,upi,40,3,30235.2,755.88,0,0,518,610,1
txn_90642,cust_6989,13908.02,failed,suspected_fraud,netbanking,18,1,23063.76,1281.32,0,0,366,458,0
txn_27100,cust_5780,5220.33,failed,network_error,upi,27,8,5635.17,208.71,1,1,3,34,1
txn_52944,cust_5363,13820.08,failed,card_declined,upi,16,7,60802.72,3800.17,0,0,578,825,1
txn_16949,cust_7881,15221.79,failed,expired_card,debit_card,33,4,91822.17,2782.49,0,0,335,435,1
txn_62329,cust_5854,21565.97,failed,authentication_failed,credit_card,16,1,21846.4,1365.4,0,0,34,184,1
txn_79836,cust_6569,5267.81,failed,card_declined,credit_card,22,7,65237.7,2965.35,2,1,16,111,0
txn_93807,cust_9472,11875.34,failed,expired_card,credit_card,18,5,16700.04,927.7800000000001,1,0,534,634,1
txn_26907,cust_7376,5198.03,failed,insufficient_funds,debit_card,26,9,14357.720000000001,552.22,2,0,214,813,1
txn_29262,cust_7493,9463.28,failed,insufficient_funds,upi,48,3,48199.2,1004.15,2,2,7,8,1
txn_38699,cust_9717,9254.4,failed,card_declined,upi,6,3,26919.06,4486.51,1,0,508,526,0
txn_98869,cust_8673,13338.8,failed,insufficient_funds,credit_card,27,7,45311.130000000005,1678.1900000000003,2,1,474,485,1
txn_13596,cust_5632,14860.13,failed,expired_card,upi,17,4,46440.94,2731.82,1,0,8,109,1
txn_82274,cust_7891,9500.38,failed,insufficient_funds,upi,33,8,83866.53,2541.41,1,0,289,320,1
txn_11605,cust_2733,6186.65,failed,insufficient_funds,credit_card,29,8,130330.34999999999,4494.15,2,2,243,830,1
txn_86323,cust_5324,24931.53,failed,network_error,debit_card,3,6,14633.49,4877.83,1,1,51,75,0
txn_10846,cust_5289,13399.17,failed,card_declined,upi,5,6,17918.35,3583.6699999999996,0,0,532,645,0
txn_88477,cust_3048,7251.33,failed,card_declined,credit_card,12,3,4247.28,353.94,1,1,10,868,1
txn_49809,cust_3219,8092.73,failed,network_error,credit_card,8,1,5374.48,671.81,2,1,419,613,1
txn_93524,cust_8984,20773.95,failed,authentication_failed,credit_card,10,9,11045.1,1104.51,2,2,1,376,1
txn_97388,cust_6951,3537.32,failed,suspected_fraud,credit_card,34,5,34454.92,1013.38,2,2,78,798,0
txn_26984,cust_5227,21936.15,failed,insufficient_funds,upi,39,3,123165.9,3158.1,0,0,23,295,1
txn_77728,cust_3712,22494.39,failed,insufficient_funds,debit_card,39,3,107638.44,2759.96,1,1,579,616,1
txn_97487,cust_9135,4209.93,failed,network_error,debit_card,38,4,189570.21999999997,4988.69,0,0,97,478,1
txn_12336,cust_1950,886.63,failed,card_declined,upi,9,1,5438.61,604.29,0,0,159,635,0
txn_74435,cust_7359,9962.32,failed,suspected_fraud,credit_card,3,2,479.40000000000003,159.8,2,2,36,47,0
txn_81315,cust_3116,4580.86,failed,authentication_failed,debit_card,22,8,56734.7,2578.85,0,0,623,712,1
txn_49915,cust_4531,14150.07,failed,expired_card,netbanking,41,1,119876.20999999999,2923.81,1,0,51,840,0
txn_13797,cust_4368,22771.62,failed,insufficient_funds,credit_card,45,4,31988.25,710.85,0,0,1,346,0
txn_49282,cust_5662,14802.32,failed,insufficient_funds,credit_card,9,4,35641.53,3960.17,1,0,35,137,1
txn_83509,cust_1536,8691.33,failed,insufficient_funds,upi,42,3,55285.02,1316.31,0,0,180,529,1
txn_56240,cust_6975,9091.73,failed,card_declined,debit_card,49,5,128593.15,2624.35,0,0,84,156,1
txn_62853,cust_5243,21522.77,failed,card_declined,credit_card,0,7,0.0,0.0,2,1,32,327,0
txn_52460,cust_5524,11828.07,failed,card_declined,credit_card,46,2,122797.46,2669.51,0,0,114,590,1
txn_75155,cust_5926,4589.11,failed,network_error,netbanking,9,3,29300.399999999998,3255.6,0,0,87,800,0
txn_91244,cust_4462,10229.21,failed,card_declined,credit_card,7,6,12337.01,1762.43,0,0,579,983,1
txn_89111,cust_4675,2531.06,failed,insufficient_funds,upi,45,4,212742.44999999998,4727.61,1,0,14,120,1
txn_57057,cust_1943,374.4,failed,insufficient_funds,credit_card,47,3,138974.30000000002,2956.9000000000005,1,1,129,147,1
txn_95514,cust_7035,6522.61,failed,insufficient_funds,debit_card,19,5,34037.36,1791.44,1,0,226,396,0
txn_27771,cust_6986,3545.82,failed,network_error,debit_card,31,1,76737.70999999999,2475.41,0,0,526,727,1
txn_70774,cust_5033,5489.68,failed,expired_card,debit_card,28,2,40160.68,1434.31,2,1,146,666,1
txn_67384,cust_6475,6887.68,failed,card_declined,debit_card,11,7,6844.64,622.24,1,0,27,378,1
txn_39402,cust_1645,14955.46,failed,expired_card,debit_card,9,1,19367.82,2151.98,1,1,46,455,1
txn_48709,cust_4067,18463.94,failed,insufficient_funds,debit_card,28,5,117647.31999999999,4201.69,2,0,187,794,1
txn_38769,cust_2333,9946.4,failed,authentication_failed,credit_card,32,4,87847.36,2745.23,2,2,244,312,1
txn_34058,cust_8101,14941.23,failed,insufficient_funds,upi,8,9,14580.4,1822.55,0,0,217,501,0
txn_65337,cust_2639,11519.05,failed,insufficient_funds,credit_card,43,3,61640.93,1433.51,1,1,19,108,1
txn_16960,cust_5090,3463.62,failed,authentication_failed,debit_card,11,8,41977.32,3816.12,2,0,81,815,1
txn_68053,cust_3421,24515.39,failed,authentication_failed,debit_card,25,9,118147.25000000001,4725.89,2,1,16,571,0
txn_66276,cust_6913,11856.59,failed,insufficient_funds,credit_card,8,3,37036.32,4629.54,1,0,477,519,1
txn_61571,cust_6085,21121.51,failed,insufficient_funds,upi,13,8,15951.52,1227.04,0,0,98,273,0
txn_30662,cust_3983,10141.91,failed,card_declined,upi,28,6,46532.920000000006,1661.89,1,0,16,516,0
txn_62393,cust_9502,24759.02,failed,insufficient_funds,credit_card,31,3,13737.65,443.15,1,1,29,274,1
txn_72187,cust_9436,15706.26,failed,network_error,netbanking,29,9,50698.38,1748.2199999999998,0,0,65,266,1
txn_43933,cust_3050,7460.22,failed,network_error,upi,24,1,109455.84,4560.66,2,0,140,293,0
txn_55028,cust_2828,2280.8,failed,card_declined,upi,23,2,21124.81,918.47,2,0,63,302,1
txn_44157,cust_4564,5805.21,failed,insufficient_funds,credit_card,2,8,3631.22,1815.61,0,0,54,753,0
txn_56600,cust_3736,23197.42,failed,authentication_failed,credit_card,34,2,85231.54,2506.81,0,0,216,490,0
txn_71413,cust_8906,15592.29,failed,expired_card,credit_card,13,5,7127.7699999999995,548.29,0,0,323,580,1
txn_98801,cust_2218,21560.08,failed,network_error,debit_card,10,2,21014.2,2101.42,2,1,251,261,1
txn_19903,cust_9228,17097.31,failed,insufficient_funds,upi,44,3,182201.36,4140.94,1,1,27,40,1
txn_96231,cust_2312,19945.78,failed,expired_card,upi,47,9,81622.08,1736.64,0,0,345,571,1
txn_79274,cust_5286,18830.28,failed,insufficient_funds,upi,30,7,3756.2999999999997,125.21,2,0,670,826,0
txn_58845,cust_3403,18928.06,failed,insufficient_funds,credit_card,45,1,127945.79999999999,2843.24,2,1,448,525,1
txn_80981,cust_2007,7119.41,failed,insufficient_funds,debit_card,27,5,16262.099999999999,602.3,1,1,731,994,1
txn_19077,cust_9073,8679.78,failed,expired_card,credit_card,13,4,42550.43,3273.11,0,0,7,306,1
txn_41598,cust_8813,12241.65,failed,suspected_fraud,debit_card,33,2,164535.03,4985.91,0,0,99,538,0
txn_78878,cust_1038,19880.5,failed,expired_card,credit_card,46,4,152126.6,3307.1,2,2,81,130,0
txn_63268,cust_1988,22742.64,failed,network_error,netbanking,4,3,6514.24,1628.56,1,1,527,659,1
txn_92711,cust_4056,9244.73,failed,network_error,debit_card,45,9,196031.25,4356.25,0,0,520,584,0
txn_40707,cust_4633,495.65,failed,suspected_fraud,credit_card,2,4,8006.06,4003.03,0,0,206,536,0
txn_44531,cust_2875,13982.4,failed,insufficient_funds,credit_card,1,8,2222.91,2222.91,0,0,721,726,1
txn_36589,cust_9465,9842.71,failed,card_declined,debit_card,10,9,43146.0,4314.6,1,0,392,544,1
txn_56167,cust_4762,3690.76,failed,insufficient_funds,debit_card,15,6,46934.4,3128.96,0,0,202,463,0
txn_59153,cust_9032,13379.34,failed,network_error,credit_card,25,6,41956.5,1678.26,1,0,90,589,1
txn_75641,cust_4041,4228.69,failed,insufficient_funds,debit_card,5,9,23437.199999999997,4687.44,2,2,416,963,1
txn_36289,cust_9907,15651.35,failed,suspected_fraud,debit_card,6,4,16858.260000000002,2809.7100000000005,1,1,22,383,0
txn_66446,cust_1514,13183.75,failed,expired_card,credit_card,22,9,96178.28,4371.74,1,0,7,12,0
txn_93847,cust_5780,21802.23,failed,card_declined,credit_card,17,6,61609.53,3624.09,1,0,352,812,1
txn_55500,cust_9946,1851.35,failed,insufficient_funds,credit_card,48,5,175830.24,3663.1299999999997,0,0,24,332,1
txn_49443,cust_4453,12645.88,failed,card_declined,debit_card,35,5,71330.7,2038.02,1,0,418,617,0
txn_55241,cust_2394,22813.47,failed,insufficient_funds,debit_card,20,1,14893.599999999999,744.68,1,0,298,552,1
txn_59153,cust_7477,4565.37,failed,network_error,debit_card,46,8,135199.98,2939.13,1,0,145,318,1
txn_77649,cust_9219,21456.76,failed,insufficient_funds,debit_card,35,7,81324.95000000001,2323.57,2,1,195,460,1
txn_86619,cust_6724,20730.64,failed,card_declined,credit_card,11,1,14711.29,1337.39,1,1,284,683,1
txn_61886,cust_7052,16611.92,failed,card_declined,upi,27,6,29932.739999999998,1108.62,0,0,334,556,0
txn_37420,cust_1281,16018.07,failed,insufficient_funds,credit_card,4,1,10341.8,2585.45,1,1,42,59,1
txn_11239,cust_3289,17164.9,failed,insufficient_funds,credit_card,38,8,99803.96,2626.42,1,0,428,797,1
txn_32911,cust_7294,3361.23,failed,insufficient_funds,netbanking,7,2,7160.37,1022.91,2,0,352,892,1
txn_58320,cust_2198,20960.98,failed,authentication_failed,debit_card,17,1,70912.1,4171.3,2,0,76,114,1
txn_64061,cust_5440,22971.01,failed,expired_card,netbanking,47,5,137625.87,2928.21,1,1,575,654,0
txn_97128,cust_8848,21775.3,failed,suspected_fraud,debit_card,10,4,32875.100000000006,3287.5100000000007,1,1,132,489,0
txn_83297,cust_4553,21953.38,failed,insufficient_funds,upi,23,6,75450.81,3280.47,0,0,65,641,1
txn_19108,cust_5806,9541.47,failed,card_declined,debit_card,48,3,58253.759999999995,1213.62,1,0,622,736,1
txn_87576,cust_3989,9525.66,failed,network_error,debit_card,27,5,110361.15,4087.45,0,0,12,454,1
txn_21556,cust_5399,6189.44,failed,card_declined,credit_card,5,2,18029.55,3605.91,2,0,21,343,0
txn_69182,cust_5431,1828.44,failed,authentication_failed,debit_card,14,4,65502.36,4678.74,1,0,34,51,1
txn_17151,cust_1963,13100.96,failed,expired_card,netbanking,34,8,55263.94,1625.41,1,1,2,156,1
txn_96365,cust_7787,4569.68,failed,expired_card,credit_card,30,7,46405.799999999996,1546.86,0,0,445,909,0
txn_22149,cust_9227,20159.51,failed,card_declined,credit_card,46,7,148401.98,3226.13,0,0,214,362,1
txn_47384,cust_4097,16182.82,failed,insufficient_funds,credit_card,7,8,12822.32,1831.76,1,0,293,682,1
txn_65826,cust_7807,21286.8,failed,expired_card,upi,35,1,76206.55,2177.33,0,0,687,915,1
txn_27633,cust_4179,11848.65,failed,card_declined,credit_card,14,3,43046.64,3074.7599999999998,2,1,590,805,1
txn_17421,cust_9632,3587.27,failed,insufficient_funds,debit_card,2,6,4568.76,2284.38,0,0,459,658,0
txn_70946,cust_3349,15100.32,failed,insufficient_funds,netbanking,45,4,23387.850000000002,519.73,0,0,73,621,1
txn_78008,cust_6189,15448.04,failed,card_declined,upi,4,5,5714.48,1428.62,1,0,812,956,0
txn_84069,cust_8426,16753.7,failed,authentication_failed,debit_card,34,2,77762.42,2287.13,1,1,186,209,0
txn_35592,cust_4374,4303.42,failed,card_declined,debit_card,15,1,23612.7,1574.18,2,1,45,55,1
txn_58231,cust_7770,549.66,failed,expired_card,upi,29,5,16105.150000000001,555.35,1,1,231,321,0
txn_86559,cust_2012,12695.62,failed,insufficient_funds,credit_card,32,7,44456.0,1389.25,1,0,341,804,1
txn_65114,cust_3496,20640.89,failed,insufficient_funds,netbanking,5,3,19763.75,3952.75,2,1,316,466,0
txn_22329,cust_5107,13516.33,failed,expired_card,debit_card,13,6,10299.38,792.26,2,1,73,670,1
txn_16721,cust_8842,3887.09,failed,insufficient_funds,netbanking,9,9,26264.7,2918.3,0,0,822,978,1
txn_15901,cust_9286,3522.99,failed,network_error,upi,2,3,4106.9,2053.45,0,0,141,436,1
txn_27347,cust_3964,3422.4,failed,authentication_failed,debit_card,31,4,69861.91,2253.61,2,1,672,800,1
txn_70545,cust_5349,16272.52,failed,insufficient_funds,credit_card,33,9,12705.0,385.0,2,1,253,467,1
txn_47846,cust_9648,6017.54,failed,insufficient_funds,credit_card,45,3,43697.7,971.06,0,0,4,190,1
txn_33312,cust_6671,5854.51,failed,insufficient_funds,credit_card,37,7,135018.91999999998,3649.1599999999994,0,0,116,420,1
txn_61196,cust_1767,8888.19,failed,card_declined,debit_card,36,6,173618.27999999997,4822.73,2,1,62,455,1
txn_83294,cust_3293,14574.6,failed,expired_card,credit_card,0,5,0.0,0.0,0,0,213,901,0
txn_10671,cust_5268,12221.96,failed,insufficient_funds,debit_card,20,4,28069.8,1403.49,0,0,510,703,1
txn_43361,cust_5719,11926.65,failed,insufficient_funds,credit_card,41,5,196205.09,4785.49,0,0,105,422,1
txn_43160,cust_4191,23573.64,failed,network_error,credit_card,9,2,2594.61,288.29,0,0,28,97,1
txn_38602,cust_1775,11280.6,failed,insufficient_funds,upi,23,3,14211.699999999999,617.9,0,0,87,855,1
txn_70920,cust_5940,18667.87,failed,expired_card,upi,23,1,110097.78,4786.86,0,0,232,483,1
txn_58355,cust_1365,8775.1,failed,suspected_fraud,debit_card,42,5,117311.04,2793.12,1,1,520,540,0
txn_33888,cust_7511,7421.35,failed,suspected_fraud,debit_card,14,2,2115.4,151.1,1,1,590,962,0
txn_71558,cust_9569,1096.68,failed,authentication_failed,upi,26,8,17118.14,658.39,0,0,160,652,1
txn_26905,cust_9714,8489.77,failed,authentication_failed,credit_card,39,9,35179.95,902.05,1,1,172,665,1
txn_94080,cust_1685,16162.98,failed,insufficient_funds,upi,38,1,51919.78,1366.31,2,1,149,631,1
txn_33911,cust_1301,13967.44,failed,insufficient_funds,credit_card,21,6,103422.48,4924.88,1,1,29,256,1
txn_65731,cust_5558,20453.74,failed,insufficient_funds,debit_card,43,6,118549.28,2756.96,0,0,56,88,1
txn_93986,cust_2653,3831.66,failed,insufficient_funds,debit_card,36,8,85018.68000000001,2361.63,0,0,261,281,0
txn_72946,cust_7019,10067.28,failed,network_error,credit_card,20,7,62267.799999999996,3113.39,1,0,9,10,1
txn_20805,cust_3649,20825.38,failed,insufficient_funds,upi,19,3,80287.34999999999,4225.65,1,1,211,437,0
txn_19596,cust_3179,16101.96,failed,suspected_fraud,credit_card,36,6,76386.59999999999,2121.85,2,0,38,154,0
txn_47804,cust_2080,2370.12,failed,card_declined,debit_card,2,8,1220.54,610.27,1,0,500,526,0
txn_26029,cust_1161,20134.48,failed,insufficient_funds,upi,45,3,17410.5,386.9,0,0,76,817,1
txn_23428,cust_6093,19725.94,failed,card_declined,debit_card,29,7,107415.42,3703.98,0,0,146,740,0
txn_94730,cust_2136,20044.1,failed,suspected_fraud,upi,44,1,95221.28,2164.12,2,2,15,118,0
txn_67418,cust_3125,18512.66,failed,authentication_failed,credit_card,9,2,8189.460000000001,909.94,2,0,350,500,1
txn_63072,cust_3757,23243.94,failed,suspected_fraud,credit_card,45,3,87609.6,1946.88,0,0,49,547,0
txn_36201,cust_9895,2061.01,failed,expired_card,debit_card,23,9,3092.12,134.44,0,0,182,641,0
txn_47051,cust_8531,10000.96,failed,authentication_failed,debit_card,29,8,11007.53,379.57000000000005,1,1,220,725,1
txn_29675,cust_2974,19688.81,failed,authentication_failed,credit_card,41,9,160141.08000000002,3905.8800000000006,0,0,813,991,1
txn_50785,cust_3643,22665.61,failed,insufficient_funds,debit_card,26,7,13610.48,523.48,2,1,672,929,1
txn_87454,cust_2171,22059.28,failed,insufficient_funds,upi,13,9,32798.48,2522.96,0,0,82,888,1
txn_44521,cust_4670,4820.21,failed,insufficient_funds,credit_card,11,9,10964.58,996.78,0,0,178,853,0
txn_25352,cust_7633,21272.87,failed,card_declined,debit_card,33,9,131317.88999999998,3979.3299999999995,0,0,529,573,1
txn_88021,cust_2517,21180.62,failed,card_declined,credit_card,47,9,158775.87,3378.21,1,1,16,22,1
txn_84071,cust_4750,19684.9,failed,insufficient_funds,credit_card,48,7,209926.08000000002,4373.46,1,0,68,611,0
txn_82055,cust_6774,3200.03,failed,expired_card,credit_card,26,9,73967.14,2844.89,1,0,447,782,1
txn_23565,cust_6879,8624.4,failed,insufficient_funds,credit_card,5,7,16591.1,3318.22,0,0,123,227,1
txn_12551,cust_7852,4708.75,failed,insufficient_funds,credit_card,35,5,112330.75,3209.45,2,0,47,297,1
txn_47991,cust_3285,13028.75,failed,card_declined,debit_card,6,3,11275.14,1879.1899999999998,2,1,363,386,0
txn_99087,cust_4200,9124.14,failed,expired_card,upi,3,6,14526.0,4842.0,2,0,524,613,1
txn_64400,cust_8183,10473.14,failed,authentication_failed,debit_card,33,4,164527.44,4985.68,1,0,59,269,1
txn_19752,cust_9004,2371.11,failed,insufficient_funds,upi,4,3,4073.28,1018.32,0,0,265,666,0
txn_40930,cust_1645,19001.58,failed,authentication_failed,netbanking,43,9,79688.03,1853.21,1,1,131,364,0
txn_46116,cust_5079,2867.93,failed,insufficient_funds,upi,33,9,122904.87,3724.39,1,1,75,675,1
txn_82516,cust_7416,20164.59,failed,network_error,credit_card,19,2,32167.19,1693.01,2,2,201,289,1
txn_31447,cust_7144,1863.14,failed,insufficient_funds,credit_card,24,6,44780.399999999994,1865.8499999999997,0,0,227,442,0
txn_18179,cust_1948,23460.71,failed,network_error,upi,12,2,39465.24,3288.77,1,0,219,867,1
txn_93297,cust_4674,11204.04,failed,card_declined,upi,34,3,166134.88,4886.32,1,0,596,840,1
txn_33383,cust_1423,728.02,failed,authentication_failed,credit_card,45,3,186641.55000000002,4147.59,2,0,28,83,1
txn_58200,cust_8230,7653.54,failed,network_error,credit_card,13,8,46124.78,3548.06,0,0,676,943,1
txn_59416,cust_1285,359.48,failed,card_declined,credit_card,34,9,53366.399999999994,1569.6,1,0,196,203,0
txn_24849,cust_1987,16711.73,failed,card_declined,upi,15,1,22468.800000000003,1497.9200000000003,2,2,64,127,0
txn_59812,cust_2492,1637.84,failed,network_error,debit_card,8,9,27032.64,3379.08,0,0,482,929,0
txn_42174,cust_8468,2101.07,failed,authentication_failed,debit_card,40,3,178934.4,4473.36,0,0,406,527,1
txn_71944,cust_8986,17580.71,failed,insufficient_funds,debit_card,3,6,11865.24,3955.08,2,1,492,540,0
txn_21190,cust_2185,24596.82,failed,insufficient_funds,debit_card,24,2,44953.92,1873.08,1,1,27,214,1
txn_39033,cust_4451,24289.74,failed,insufficient_funds,debit_card,13,3,29803.670000000002,2292.59,0,0,141,424,1
txn_68557,cust_2325,20841.26,failed,network_error,credit_card,20,5,58060.8,2903.04,1,1,363,807,1
txn_60952,cust_7376,20426.22,failed,insufficient_funds,upi,38,7,166580.21999999997,4383.69,0,0,704,789,0
txn_93276,cust_6002,23239.2,failed,insufficient_funds,credit_card,11,8,50020.19,4547.29,0,0,13,19,1
txn_32432,cust_4311,20603.57,failed,authentication_failed,upi,24,7,86786.4,3616.1,2,2,324,520,1
txn_26977,cust_9611,2352.51,failed,card_declined,debit_card,32,3,58828.16,1838.38,2,1,63,113,1
txn_61649,cust_1201,22206.57,failed,card_declined,debit_card,8,9,6849.44,856.18,2,1,514,563,0
txn_16031,cust_1386,24782.02,failed,network_error,debit_card,34,1,17459.68,513.52,2,1,213,268,1
txn_82982,cust_5318,20427.24,failed,insufficient_funds,credit_card,17,4,57758.18,3397.54,2,0,53,107,0
txn_52849,cust_4259,9636.78,failed,card_declined,debit_card,22,8,98104.38,4459.29,1,0,36,41,0
txn_98503,cust_4361,4182.43,failed,expired_card,credit_card,0,4,0.0,0.0,1,1,419,833,1
txn_18767,cust_2829,15164.19,failed,insufficient_funds,credit_card,37,1,22783.489999999998,615.77,0,0,109,204,0
txn_52359,cust_8069,24437.43,failed,card_declined,credit_card,26,6,120526.12,4635.62,2,1,563,666,1
txn_63161,cust_7268,22507.08,failed,insufficient_funds,netbanking,34,7,77391.82,2276.23,1,1,201,869,0
txn_73918,cust_5154,3832.03,failed,insufficient_funds,netbanking,3,5,2565.93,855.31,0,0,162,278,1
txn_15498,cust_5916,20971.8,failed,insufficient_funds,upi,48,5,85344.0,1778.0,0,0,44,109,1
txn_85250,cust_5931,4172.79,failed,card_declined,netbanking,46,2,114797.59999999999,2495.6,2,0,273,909,0
txn_84965,cust_9017,14255.97,failed,expired_card,credit_card,7,5,17011.26,2430.18,1,0,64,853,1
txn_36421,cust_9458,13358.0,failed,network_error,credit_card,38,5,151681.94,3991.63,0,0,46,395,1
txn_70011,cust_1882,12111.02,failed,network_error,debit_card,35,6,93099.3,2659.98,1,1,407,762,1
txn_46593,cust_3808,18156.63,failed,network_error,debit_card,46,4,186405.34,4052.29,2,2,329,604,1
txn_18016,cust_8084,16022.95,failed,insufficient_funds,credit_card,37,3,84980.12000000001,2296.76,0,0,494,575,1
txn_61919,cust_9182,19076.78,failed,authentication_failed,credit_card,9,5,16719.39,1857.71,1,0,664,835,1
txn_66622,cust_5152,24764.12,failed,insufficient_funds,netbanking,6,7,1898.34,316.39,0,0,37,488,0
txn_96156,cust_6668,18848.03,failed,suspected_fraud,debit_card,0,4,0.0,0.0,2,2,9,127,0
txn_18605,cust_8427,661.24,failed,insufficient_funds,debit_card,12,2,1557.96,129.83,2,2,358,910,1
txn_69766,cust_6776,21059.76,failed,insufficient_funds,debit_card,1,8,1546.92,1546.92,1,0,215,322,0
txn_68394,cust_4965,599.57,failed,card_declined,upi,40,5,10599.2,264.98,2,0,787,913,1
txn_17190,cust_1182,21679.99,failed,card_declined,upi,19,2,24423.93,1285.47,1,1,53,566,0
txn_94227,cust_7846,3614.76,failed,suspected_fraud,credit_card,30,2,22672.8,755.76,1,0,75,631,0
txn_64238,cust_8758,4766.54,failed,suspected_fraud,upi,37,1,15065.66,407.18,1,1,390,726,0
txn_80812,cust_6951,23275.64,failed,network_error,credit_card,26,2,42520.4,1635.4,1,0,51,137,1
txn_58695,cust_3224,24103.76,failed,insufficient_funds,debit_card,28,1,130419.52,4657.84,0,0,120,218,1
txn_95716,cust_7318,17840.5,failed,expired_card,netbanking,10,1,34129.299999999996,3412.9299999999994,0,0,606,876,0
txn_15842,cust_8122,16121.52,failed,insufficient_funds,credit_card,38,9,92425.12,2432.24,1,1,227,304,1
txn_95992,cust_6574,4691.27,failed,card_declined,debit_card,15,9,49815.450000000004,3321.03,2,1,100,898,0
txn_67505,cust_2772,9898.62,failed,authentication_failed,credit_card,27,6,88011.36,3259.68,0,0,2,3,0
txn_70948,cust_9547,7220.87,failed,insufficient_funds,credit_card,9,5,12700.800000000001,1411.2,0,0,74,118,1
txn_28199,cust_4748,20964.72,failed,expired_card,netbanking,24,3,49944.479999999996,2081.02,0,0,182,675,1
txn_11401,cust_9931,12999.86,failed,expired_card,credit_card,15,1,39815.25,2654.35,1,1,27,156,1
txn_61374,cust_6818,20188.53,failed,insufficient_funds,credit_card,31,5,55020.04,1774.84,2,1,519,992,1
txn_16155,cust_4709,83.77,failed,insufficient_funds,debit_card,35,3,7546.7,215.62,2,0,504,647,1
txn_55671,cust_9835,1689.09,failed,insufficient_funds,credit_card,12,7,40692.600000000006,3391.0500000000006,1,1,393,412,1
txn_59429,cust_7683,9173.73,failed,insufficient_funds,credit_card,25,9,98212.0,3928.48,0,0,339,362,1
txn_65751,cust_4764,15917.07,failed,insufficient_funds,debit_card,0,1,0.0,0.0,1,1,438,491,1
txn_90360,cust_3606,17265.49,failed,expired_card,netbanking,40,8,30318.0,757.95,1,1,15,596,1
txn_37076,cust_6241,15541.67,failed,authentication_failed,upi,9,3,8209.529999999999,912.1699999999998,0,0,520,590,0
txn_34272,cust_9811,24530.75,failed,suspected_fraud,upi,43,6,27243.940000000002,633.58,2,2,90,668,0
txn_97178,cust_6451,11501.14,failed,authentication_failed,credit_card,17,6,17536.01,1031.53,2,0,571,870,0
txn_24122,cust_2296,13060.42,failed,authentication_failed,upi,41,8,159413.74,3888.14,2,1,65,141,1
txn_97893,cust_4667,21387.41,failed,expired_card,upi,36,5,42774.12,1188.17,1,0,456,548,0
txn_95867,cust_5444,16577.73,failed,insufficient_funds,credit_card,26,2,129140.7,4966.95,0,0,605,760,1
txn_13696,cust_3451,11136.92,failed,insufficient_funds,debit_card,28,4,81530.96,2911.82,1,1,114,685,1
txn_40099,cust_9345,2590.0,failed,card_declined,credit_card,4,1,3834.36,958.59,1,1,41,105,0
txn_12871,cust_8423,14523.22,failed,card_declined,upi,44,7,197166.64,4481.06,2,1,40,403,1
txn_12179,cust_5557,20587.86,failed,network_error,debit_card,28,8,28337.960000000003,1012.07,2,2,46,109,1
txn_41555,cust_5570,7416.28,failed,network_error,debit_card,23,8,7669.12,333.44,1,0,24,367,1
txn_71250,cust_4075,12915.7,failed,card_declined,credit_card,22,5,44438.68,2019.94,0,0,509,628,1
txn_44148,cust_6445,18092.05,failed,insufficient_funds,credit_card,19,3,84082.59999999999,4425.4,1,0,68,85,0
txn_30466,cust_4109,16593.03,failed,expired_card,upi,49,5,176000.16,3591.84,2,2,206,343,1
txn_17214,cust_5591,20177.0,failed,authentication_failed,upi,20,8,66779.4,3338.97,2,2,31,213,0
txn_40881,cust_5538,19526.76,failed,card_declined,netbanking,21,9,39319.98,1872.38,2,0,5,10,1
txn_52712,cust_3800,4343.63,failed,authentication_failed,debit_card,39,7,92133.98999999999,2362.41,0,0,151,194,0
txn_29873,cust_1508,20186.42,failed,insufficient_funds,credit_card,19,4,16547.1,870.9,0,0,63,262,1
txn_10174,cust_2903,10911.34,failed,card_declined,credit_card,14,4,55333.74,3952.41,1,0,339,474,0
txn_28919,cust_4490,19948.81,failed,expired_card,upi,3,8,10661.61,3553.8700000000003,2,1,168,759,0
txn_49194,cust_3240,12082.5,failed,insufficient_funds,netbanking,34,3,69465.73999999999,2043.1099999999997,2,2,458,958,1
txn_26835,cust_8262,15644.48,failed,insufficient_funds,upi,36,8,47782.44,1327.29,2,2,114,313,0
txn_21442,cust_5690,353.31,failed,expired_card,credit_card,11,5,17635.31,1603.21,2,0,6,113,1
txn_82525,cust_7043,15157.34,failed,insufficient_funds,credit_card,47,9,162557.96,3458.68,0,0,2,50,1
txn_56220,cust_8846,19632.3,failed,expired_card,credit_card,18,6,54817.200000000004,3045.4,0,0,24,215,0
txn_35991,cust_3761,1734.19,failed,card_declined,credit_card,4,9,14862.56,3715.64,1,1,425,518,0
txn_38230,cust_6808,6643.69,failed,insufficient_funds,debit_card,1,8,3318.1,3318.1,1,1,171,208,1
txn_40949,cust_2518,1754.94,failed,card_declined,debit_card,19,3,62275.73,3277.67,1,0,290,403,0
txn_11306,cust_2742,16916.86,failed,expired_card,debit_card,35,2,152035.44999999998,4343.87,0,0,595,745,1
txn_72260,cust_7409,23621.17,failed,expired_card,upi,21,4,74247.18,3535.5799999999995,0,0,284,891,1
txn_52051,cust_5396,23409.87,failed,card_declined,netbanking,35,9,147526.05,4215.03,1,1,262,650,0
txn_92289,cust_5937,18583.48,failed,insufficient_funds,upi,24,4,53485.92,2228.58,0,0,248,341,1
txn_85945,cust_5138,17536.65,failed,insufficient_funds,debit_card,22,4,3681.7,167.35,2,0,366,757,1
txn_31281,cust_6039,1610.03,failed,card_declined,upi,32,2,61560.96,1923.78,2,1,38,314,1
txn_17610,cust_6283,7118.45,failed,suspected_fraud,credit_card,0,7,0.0,0.0,1,1,691,870,0
txn_99160,cust_7864,5195.12,failed,suspected_fraud,credit_card,27,1,121154.4,4487.2,0,0,850,956,1
txn_30025,cust_3817,6247.17,failed,expired_card,debit_card,49,5,193135.46,3941.54,1,1,63,420,1
txn_89052,cust_8352,7561.1,failed,card_declined,credit_card,23,4,25970.22,1129.14,0,0,3,822,1
txn_66704,cust_9312,23104.47,failed,insufficient_funds,debit_card,27,5,101498.67,3759.21,2,0,303,714,1
txn_22356,cust_1802,248.71,failed,authentication_failed,debit_card,22,9,40672.28,1848.74,2,1,52,746,0
txn_58516,cust_3591,8202.23,failed,insufficient_funds,debit_card,15,1,24917.7,1661.18,0,0,137,807,1
txn_66358,cust_3594,4886.88,failed,network_error,debit_card,11,7,25993.33,2363.03,1,0,383,465,1
txn_33199,cust_2700,17364.04,failed,insufficient_funds,credit_card,39,5,141250.98,3621.82,1,1,18,401,1
txn_74925,cust_5384,527.27,failed,insufficient_funds,upi,9,3,10706.13,1189.57,0,0,234,974,1
txn_79166,cust_3294,9806.27,failed,insufficient_funds,credit_card,23,8,113450.03,4932.61,0,0,175,412,0
txn_59170,cust_4552,16990.51,failed,card_declined,upi,49,2,103810.91,2118.59,1,0,93,925,1
txn_20799,cust_1204,15160.67,failed,insufficient_funds,credit_card,23,1,25544.72,1110.64,0,0,305,640,1
txn_10192,cust_1816,502.19,failed,suspected_fraud,credit_card,2,5,2374.62,1187.31,1,1,144,765,0
txn_52056,cust_7811,13414.63,failed,network_error,upi,40,3,28967.600000000002,724.19,1,0,199,336,1
txn_59810,cust_5434,21381.6,failed,network_error,debit_card,45,9,181679.85,4037.33,2,1,648,693,0
txn_65480,cust_3763,18589.88,failed,network_error,debit_card,44,2,85351.2,1939.8,0,0,15,49,1
txn_36946,cust_1634,5541.78,failed,insufficient_funds,credit_card,3,4,966.1800000000001,322.06,2,2,32,59,1
txn_43665,cust_4306,16559.02,failed,card_declined,credit_card,33,8,91979.25,2787.25,0,0,36,124,1
txn_44660,cust_1249,13050.78,failed,insufficient_funds,debit_card,16,3,54218.72,3388.67,0,0,59,500,1
txn_44693,cust_3942,18761.95,failed,authentication_failed,upi,20,4,85553.4,4277.67,0,0,470,899,0
txn_69049,cust_3891,10403.53,failed,expired_card,credit_card,39,2,85089.03,2181.77,1,1,395,616,1
txn_94481,cust_4801,3384.58,failed,card_declined,debit_card,31,1,44408.74,1432.54,1,0,239,318,1
txn_88976,cust_7204,13241.67,failed,network_error,debit_card,12,4,49637.520000000004,4136.46,1,0,437,622,1
txn_85542,cust_8647,24583.48,failed,suspected_fraud,upi,11,1,24403.5,2218.5,0,0,165,340,0
txn_90764,cust_2093,21985.69,failed,insufficient_funds,debit_card,45,2,177321.6,3940.48,0,0,56,120,1
txn_88278,cust_9092,24904.13,failed,network_error,upi,32,6,114032.32,3563.51,1,1,27,331,0
txn_43724,cust_9490,18717.19,failed,network_error,upi,26,3,75366.2,2898.7,0,0,269,365,1
txn_80130,cust_3964,10179.99,failed,insufficient_funds,credit_card,34,6,5795.98,170.47,1,1,114,501,1
txn_75206,cust_7047,20936.13,failed,expired_card,debit_card,4,5,8285.76,2071.44,2,0,68,208,1
txn_18210,cust_5478,11085.23,failed,expired_card,credit_card,47,3,204694.87,4355.21,2,1,183,276,1
txn_80532,cust_4262,24891.0,failed,authentication_failed,debit_card,41,4,192932.47,4705.67,1,0,32,113,1
txn_29610,cust_3961,16954.41,failed,insufficient_funds,netbanking,43,5,15759.93,366.51,2,2,182,277,1
txn_49104,cust_7982,4524.93,failed,expired_card,debit_card,16,2,3100.96,193.81,0,0,375,943,1
txn_96795,cust_1206,11399.07,failed,expired_card,netbanking,25,2,72644.5,2905.78,1,1,36,156,1
txn_32439,cust_9135,14872.37,failed,expired_card,credit_card,29,1,89132.95000000001,3073.55,2,1,830,986,1
txn_99132,cust_1975,24405.87,failed,expired_card,credit_card,23,9,114688.81000000001,4986.47,0,0,209,215,1
txn_25160,cust_7774,11651.99,failed,network_error,credit_card,38,5,185408.84000000003,4879.18,0,0,273,276,0
txn_44314,cust_7034,19745.77,failed,card_declined,credit_card,19,2,26903.05,1415.95,1,1,564,763,1
txn_67124,cust_4155,18994.35,failed,authentication_failed,debit_card,22,8,24544.08,1115.64,0,0,30,56,0
txn_25408,cust_1649,8874.73,failed,insufficient_funds,netbanking,21,4,17218.32,819.92,1,0,376,794,1
txn_55066,cust_8542,14107.04,failed,network_error,credit_card,9,8,14289.84,1587.76,2,1,343,486,1
txn_61934,cust_4318,7696.26,failed,network_error,credit_card,33,9,34140.479999999996,1034.56,0,0,176,184,1
txn_55991,cust_6067,16621.83,failed,insufficient_funds,credit_card,38,1,146273.02,3849.2899999999995,1,0,469,503,1
txn_46683,cust_1446,12105.36,failed,network_error,credit_card,47,2,33080.48,703.84,2,2,89,227,1
txn_44700,cust_3535,22252.6,failed,network_error,debit_card,25,6,30653.750000000004,1226.15,2,0,187,589,1
txn_91972,cust_2445,7002.14,failed,insufficient_funds,credit_card,15,6,45883.049999999996,3058.87,1,1,247,738,1
txn_24079,cust_5482,2221.08,failed,card_declined,upi,4,4,13586.2,3396.55,0,0,31,255,0
txn_30862,cust_4558,6618.02,failed,insufficient_funds,upi,48,4,93360.0,1945.0,0,0,481,626,1
txn_26279,cust_2996,12178.96,failed,authentication_failed,credit_card,7,8,32411.12,4630.16,2,2,229,686,0
txn_28108,cust_6592,3904.58,failed,card_declined,debit_card,29,7,135787.86000000002,4682.34,1,0,238,913,1
txn_40676,cust_3828,19084.19,failed,insufficient_funds,debit_card,14,9,33527.48,2394.82,2,0,384,467,1
txn_77384,cust_5512,10982.56,failed,network_error,credit_card,10,2,11559.5,1155.95,2,0,237,739,1
txn_67415,cust_6048,23063.07,failed,expired_card,debit_card,10,7,7148.8,714.88,0,0,33,42,0
txn_85476,cust_9924,14166.25,failed,authentication_failed,credit_card,37,5,139571.03,3772.19,2,1,712,946,0
txn_23682,cust_5322,8659.84,failed,insufficient_funds,netbanking,39,3,125648.64000000001,3221.76,2,0,6,63,1
txn_85301,cust_2051,23681.68,failed,network_error,upi,48,4,231382.56,4820.47,1,1,209,218,1
txn_37323,cust_6366,24753.22,failed,insufficient_funds,credit_card,27,1,14473.349999999999,536.05,0,0,447,872,0
txn_58847,cust_5567,11347.7,failed,insufficient_funds,credit_card,15,8,45248.1,3016.54,2,1,237,367,1
txn_76809,cust_6698,175.41,failed,insufficient_funds,netbanking,39,3,176723.03999999998,4531.36,0,0,195,916,1
txn_93106,cust_1270,5350.56,failed,expired_card,debit_card,22,2,98741.72,4488.26,2,2,112,162,1
txn_36177,cust_4672,4656.58,failed,insufficient_funds,debit_card,21,5,77723.94,3701.1400000000003,0,0,372,433,1
txn_75785,cust_9185,3470.38,failed,expired_card,debit_card,4,6,18087.28,4521.82,2,2,964,984,1
txn_23026,cust_5059,14186.8,failed,expired_card,upi,9,9,42471.27,4719.03,2,2,61,242,1
txn_70652,cust_7009,1937.74,failed,insufficient_funds,credit_card,28,5,12024.6,429.45,1,0,360,870,1
txn_28395,cust_6898,5615.4,failed,network_error,upi,27,9,6904.17,255.71,1,0,696,968,1
txn_11587,cust_7686,729.89,failed,card_declined,credit_card,46,1,61594.0,1339.0,2,1,426,613,0
txn_53618,cust_5117,8802.94,failed,insufficient_funds,upi,25,1,104737.5,4189.5,1,0,163,529,1
txn_75333,cust_1071,19059.0,failed,suspected_fraud,credit_card,5,5,23376.85,4675.37,0,0,407,675,0
txn_34366,cust_7169,11916.12,failed,card_declined,credit_card,49,2,84639.65999999999,1727.3399999999997,0,0,14,448,0
txn_22306,cust_8566,19350.62,failed,insufficient_funds,debit_card,18,4,50368.5,2798.25,1,1,44,419,1
txn_71584,cust_7524,22486.55,failed,authentication_failed,debit_card,12,6,40938.36,3411.53,1,0,112,164,0
txn_67530,cust_4907,777.42,failed,authentication_failed,credit_card,27,2,76396.5,2829.5,1,1,792,858,0
txn_85308,cust_4558,20920.64,failed,insufficient_funds,debit_card,41,9,61497.130000000005,1499.93,1,1,102,103,1
txn_91780,cust_6316,10740.02,failed,expired_card,upi,22,5,3068.78,139.49,1,0,108,173,1
txn_51247,cust_3053,10872.58,failed,insufficient_funds,debit_card,36,4,41562.0,1154.5,2,2,323,457,1
txn_50031,cust_5906,24145.39,failed,insufficient_funds,upi,31,6,127722.79000000001,4120.09,2,1,193,901,1
txn_37386,cust_3806,19515.72,failed,authentication_failed,credit_card,32,2,22076.8,689.9,0,0,202,270,1
txn_88916,cust_4246,7715.05,failed,card_declined,debit_card,33,8,70914.03,2148.91,0,0,586,924,1
txn_35933,cust_7782,4032.64,failed,insufficient_funds,credit_card,10,5,41912.399999999994,4191.24,0,0,391,459,1
txn_15695,cust_3941,6979.09,failed,insufficient_funds,netbanking,15,1,2212.05,147.47,2,0,187,331,1
txn_35006,cust_5586,6234.44,failed,expired_card,credit_card,38,6,105129.66,2766.57,2,2,283,900,1
txn_22205,cust_2902,4901.47,failed,insufficient_funds,debit_card,16,1,19324.64,1207.79,0,0,520,555,0
txn_62003,cust_5815,11278.96,failed,insufficient_funds,upi,22,7,7729.48,351.34,0,0,293,926,0
txn_55283,cust_4982,17360.45,failed,card_declined,credit_card,36,7,30747.96,854.11,0,0,6,21,0
txn_45733,cust_4969,3182.86,failed,insufficient_funds,upi,44,3,154708.4,3516.1,0,0,11,30,1
txn_45349,cust_7364,8465.91,failed,insufficient_funds,credit_card,37,6,162358.96,4388.08,2,0,148,915,1
txn_13121,cust_9579,9954.95,failed,insufficient_funds,upi,21,4,29949.36,1426.16,1,0,649,677,1
txn_76706,cust_5675,4268.09,failed,insufficient_funds,upi,30,3,147820.8,4927.36,1,0,138,853,1
txn_48751,cust_3363,21271.83,failed,insufficient_funds,netbanking,23,1,16857.850000000002,732.95,0,0,4,107,1
txn_68251,cust_9497,1051.46,failed,network_error,netbanking,46,5,177112.88,3850.28,1,1,280,321,1
txn_95962,cust_7553,24479.83,failed,expired_card,upi,2,1,9450.5,4725.25,0,0,2,12,1
txn_89443,cust_3077,6934.27,failed,suspected_fraud,credit_card,41,8,69155.52,1686.72,0,0,374,444,0
txn_50469,cust_2269,3094.08,failed,expired_card,credit_card,33,9,153496.53,4651.41,0,0,76,336,0
txn_79345,cust_9713,21058.29,failed,card_declined,upi,35,8,87980.9,2513.74,1,0,57,435,1
txn_51486,cust_8452,22265.09,failed,card_declined,debit_card,20,5,60889.399999999994,3044.47,1,1,128,280,0
txn_15573,cust_7135,17882.23,failed,insufficient_funds,debit_card,35,8,139360.9,3981.74,0,0,164,848,1
txn_27046,cust_9386,77.75,failed,insufficient_funds,credit_card,20,8,14522.0,726.1,2,2,206,452,1
txn_66918,cust_8148,13936.63,failed,insufficient_funds,credit_card,16,9,37716.48,2357.28,1,0,109,556,0
txn_66063,cust_7998,19506.53,failed,insufficient_funds,credit_card,34,1,95755.9,2816.35,1,1,190,287,1
txn_98314,cust_1935,20598.98,failed,network_error,debit_card,24,6,80753.04000000001,3364.7100000000005,0,0,508,511,1
txn_42467,cust_9832,3493.49,failed,insufficient_funds,upi,23,6,100756.79,4380.73,2,1,193,566,1
txn_91006,cust_8604,7991.69,failed,card_declined,upi,28,3,52832.920000000006,1886.89,2,0,3,8,1
txn_89526,cust_2644,21827.84,failed,card_declined,upi,42,9,62758.5,1494.25,2,0,43,685,0
txn_50745,cust_3035,13112.91,failed,insufficient_funds,credit_card,27,9,14082.119999999999,521.56,2,2,51,77,1
txn_38621,cust_7582,1249.9,failed,insufficient_funds,netbanking,42,3,146060.04,3477.6200000000003,1,1,369,610,1
txn_58994,cust_6696,20257.61,failed,card_declined,upi,6,7,14305.74,2384.29,0,0,154,376,1
txn_87362,cust_9106,22787.91,failed,insufficient_funds,credit_card,12,9,50192.399999999994,4182.7,1,0,116,889,1
txn_89878,cust_6599,11381.88,failed,card_declined,netbanking,44,7,72956.84,1658.11,2,2,57,215,1
txn_58291,cust_8008,4193.01,failed,insufficient_funds,debit_card,15,4,30951.749999999996,2063.45,2,1,217,963,1
txn_25540,cust_1506,11078.73,failed,expired_card,credit_card,24,7,78694.79999999999,3278.9499999999994,1,0,41,87,0
txn_10390,cust_2464,13155.2,failed,insufficient_funds,upi,0,5,0.0,0.0,0,0,644,673,1
txn_60435,cust_9921,13831.54,failed,card_declined,upi,7,8,28243.32,4034.7599999999998,1,1,123,291,1
txn_71816,cust_6663,9938.0,failed,insufficient_funds,credit_card,30,4,93316.8,3110.56,2,1,39,559,1
txn_44069,cust_8837,11947.13,failed,expired_card,upi,25,5,26411.75,1056.47,0,0,257,530,1
txn_15209,cust_3646,4469.98,failed,expired_card,credit_card,18,5,39078.18000000001,2171.01,1,0,542,598,0
txn_16089,cust_3080,20251.39,failed,authentication_failed,credit_card,20,7,24215.6,1210.78,2,1,117,905,1
txn_15606,cust_6811,9554.75,failed,insufficient_funds,debit_card,17,6,19720.51,1160.03,0,0,364,683,1
txn_51850,cust_5675,14720.61,failed,insufficient_funds,upi,1,6,2383.97,2383.97,2,0,21,22,1
txn_38557,cust_6982,4157.48,failed,card_declined,credit_card,8,6,3135.84,391.98,2,0,42,433,0
txn_87606,cust_2353,9376.51,failed,expired_card,credit_card,18,3,6311.5199999999995,350.64,2,1,77,387,0
txn_19095,cust_4138,6801.97,failed,insufficient_funds,debit_card,20,3,8973.2,448.66,2,0,195,691,0
txn_82013,cust_4899,23996.79,failed,insufficient_funds,credit_card,33,9,149276.82,4523.54,0,0,428,614,1
txn_19837,cust_2231,11384.25,failed,card_declined,netbanking,16,9,14620.32,913.77,2,2,134,345,0
txn_62413,cust_6649,9584.38,failed,card_declined,credit_card,27,3,46510.74,1722.62,2,0,232,444,0
txn_92733,cust_8235,24714.07,failed,insufficient_funds,netbanking,15,8,24679.2,1645.28,1,0,269,518,1
txn_35425,cust_2141,19947.98,failed,expired_card,debit_card,46,2,146093.69999999998,3175.95,2,2,147,370,0
txn_49449,cust_6428,21863.97,failed,network_error,credit_card,0,3,0.0,0.0,1,0,184,233,0
txn_30918,cust_7219,6852.63,failed,expired_card,credit_card,48,5,167570.40000000002,3491.0500000000006,1,0,483,540,1
txn_51979,cust_2366,24913.33,failed,insufficient_funds,debit_card,44,8,38623.64,877.81,2,1,85,444,1
txn_20304,cust_7040,8891.71,failed,insufficient_funds,upi,22,2,64249.02,2920.41,0,0,313,875,1
txn_31292,cust_2882,5653.83,failed,insufficient_funds,upi,41,7,160844.63999999998,3923.0399999999995,2,1,347,435,1
txn_91720,cust_3156,19916.28,failed,expired_card,debit_card,48,7,79430.4,1654.8,1,0,401,589,1
txn_40232,cust_2985,8010.17,failed,card_declined,netbanking,5,2,23566.100000000002,4713.22,2,0,355,550,0
txn_55201,cust_6650,17874.63,failed,insufficient_funds,credit_card,0,4,0.0,0.0,0,0,34,35,0
txn_56994,cust_1220,20219.45,failed,expired_card,credit_card,0,3,0.0,0.0,2,1,546,841,1
txn_50581,cust_9236,14761.85,failed,insufficient_funds,upi,38,9,43645.659999999996,1148.57,0,0,329,491,1
txn_76727,cust_1515,16738.47,failed,suspected_fraud,netbanking,14,3,39637.920000000006,2831.28,0,0,247,272,0
txn_19873,cust_7222,22153.55,failed,network_error,credit_card,9,9,39697.11,4410.79,2,1,521,621,1
txn_21772,cust_6730,664.22,failed,insufficient_funds,debit_card,9,8,2676.78,297.42,2,1,487,549,1
txn_96006,cust_1178,3826.71,failed,insufficient_funds,credit_card,16,2,77272.48,4829.53,1,0,106,183,1
txn_25187,cust_3933,18643.11,failed,insufficient_funds,debit_card,46,8,190602.84,4143.54,2,0,439,467,0
txn_15586,cust_8088,23909.48,failed,insufficient_funds,credit_card,15,6,9512.55,634.17,1,1,592,985,0
txn_38350,cust_2577,23158.82,failed,network_error,upi,24,6,83581.92,3482.58,2,1,285,548,1
txn_74173,cust_2462,16160.84,failed,card_declined,credit_card,27,3,26133.84,967.92,0,0,78,482,1
txn_31045,cust_1687,16574.73,failed,suspected_fraud,upi,47,6,202413.96000000002,4306.68,0,0,621,788,0
txn_93255,cust_1190,16188.59,failed,expired_card,debit_card,39,7,141007.62,3615.58,2,1,199,237,1
txn_80474,cust_4624,16932.28,failed,expired_card,debit_card,40,1,94336.0,2358.4,0,0,48,165,0
txn_18802,cust_1371,20979.4,failed,expired_card,debit_card,30,1,47723.7,1590.79,2,1,50,415,1
txn_80990,cust_4569,1819.35,failed,insufficient_funds,upi,7,3,22296.26,3185.18,0,0,105,247,1
txn_85452,cust_6607,3524.39,failed,insufficient_funds,debit_card,33,9,31047.06,940.82,1,1,1,1,1
txn_13775,cust_4998,12718.56,failed,insufficient_funds,netbanking,1,1,2311.21,2311.21,0,0,56,310,1
txn_61796,cust_5435,10297.2,failed,network_error,upi,48,1,69919.68000000001,1456.66,2,1,132,306,1
txn_58517,cust_2505,7823.71,failed,network_error,credit_card,15,3,5522.85,368.19,0,0,197,448,0
txn_67608,cust_6953,13867.89,failed,card_declined,credit_card,28,6,103348.28,3691.0099999999998,0,0,530,674,1
txn_10215,cust_7240,7727.19,failed,insufficient_funds,credit_card,31,1,112273.31999999999,3621.72,0,0,55,59,1
txn_15583,cust_3365,5854.28,failed,suspected_fraud,credit_card,12,8,48381.24,4031.77,0,0,113,625,0
txn_47052,cust_1294,12746.91,failed,network_error,upi,29,2,68370.11,2357.59,2,2,248,499,1
txn_47333,cust_8942,19573.38,failed,network_error,credit_card,42,5,114233.28,2719.84,0,0,763,882,1
txn_66754,cust_8465,3090.89,failed,insufficient_funds,netbanking,37,8,59507.47,1608.31,0,0,369,411,1
txn_42574,cust_9274,1582.56,failed,insufficient_funds,credit_card,21,4,85229.34,4058.54,2,0,554,989,1
txn_77695,cust_8325,17737.03,failed,authentication_failed,credit_card,24,8,16805.760000000002,700.2400000000001,2,2,57,471,1
txn_28300,cust_8970,1116.35,failed,network_error,credit_card,0,5,0.0,0.0,2,0,54,321,1
txn_90859,cust_3895,19247.59,failed,authentication_failed,netbanking,22,7,23675.960000000003,1076.18,2,2,162,889,1
txn_88863,cust_6325,4039.0,failed,expired_card,credit_card,16,5,66657.92,4166.12,1,1,105,125,1
txn_86276,cust_1437,10067.37,failed,suspected_fraud,credit_card,22,7,31735.879999999997,1442.54,2,2,44,97,1
txn_49886,cust_8264,17504.93,failed,network_error,credit_card,1,7,4162.84,4162.84,2,1,29,69,1
txn_73656,cust_3460,13301.18,failed,expired_card,upi,17,7,70033.03,4119.59,0,0,270,287,1
txn_13174,cust_3565,15498.24,failed,network_error,debit_card,16,1,17020.32,1063.77,2,2,682,917,1
txn_28984,cust_5151,13175.76,failed,suspected_fraud,upi,45,2,108689.84999999999,2415.33,2,1,199,832,0
txn_17382,cust_4672,10338.54,failed,insufficient_funds,debit_card,9,9,27792.72,3088.08,2,0,166,715,1
txn_42167,cust_1343,5216.07,failed,card_declined,credit_card,1,9,1303.2,1303.2,0,0,337,825,0
txn_61567,cust_7961,14560.03,failed,expired_card,credit_card,28,8,13906.76,496.67,0,0,274,914,1
txn_43324,cust_3148,8229.56,failed,insufficient_funds,upi,3,2,7679.52,2559.84,2,2,620,735,1
txn_50718,cust_8246,5453.65,failed,network_error,credit_card,24,1,54714.72,2279.78,0,0,131,538,1
txn_79904,cust_1786,7515.84,failed,card_declined,credit_card,42,1,178815.42,4257.51,2,0,630,643,1
txn_49779,cust_3349,20137.18,failed,network_error,credit_card,24,6,81633.84,3401.41,1,1,157,561,1
txn_47011,cust_7031,4701.17,failed,expired_card,debit_card,13,7,32174.74,2474.98,0,0,45,90,0
txn_81091,cust_4010,13307.35,failed,insufficient_funds,debit_card,29,1,130499.41999999998,4499.98,0,0,590,620,1
txn_52919,cust_8067,1029.66,failed,authentication_failed,credit_card,16,2,13606.56,850.41,2,1,183,791,1
txn_42355,cust_8489,10486.36,failed,insufficient_funds,netbanking,5,4,3424.8500000000004,684.97,2,1,222,238,1
txn_80726,cust_9167,13909.66,failed,card_declined,credit_card,42,5,164065.02,3906.31,2,0,523,565,1
txn_22665,cust_2410,18509.7,failed,suspected_fraud,credit_card,28,6,31851.399999999998,1137.55,0,0,328,387,0
txn_44409,cust_5517,16689.84,failed,card_declined,netbanking,9,6,24166.62,2685.18,1,1,9,14,1
txn_53965,cust_2936,20298.72,failed,card_declined,credit_card,12,2,23528.52,1960.71,1,0,132,938,1
txn_78619,cust_1018,19067.19,failed,card_declined,credit_card,10,9,30521.0,3052.1,0,0,2,307,0
txn_86411,cust_2674,13006.85,failed,insufficient_funds,upi,35,6,132116.95,3774.7700000000004,1,0,4,8,1
txn_41624,cust_7998,8230.71,failed,expired_card,credit_card,21,7,6312.179999999999,300.58,1,0,51,556,1
txn_73753,cust_6682,16835.26,failed,insufficient_funds,credit_card,38,8,92316.81999999999,2429.39,1,1,28,57,1
txn_65087,cust_7495,2900.22,failed,insufficient_funds,upi,31,9,21208.03,684.13,1,0,180,938,1
txn_97838,cust_9534,1176.53,failed,card_declined,upi,46,1,93241.08,2026.98,2,2,402,530,1
txn_16727,cust_3135,2710.26,failed,insufficient_funds,credit_card,48,2,232961.27999999997,4853.36,0,0,431,436,1
txn_91731,cust_6720,21212.13,failed,expired_card,credit_card,22,6,20500.04,931.82,1,0,904,954,0
txn_87209,cust_1004,13682.86,failed,insufficient_funds,credit_card,39,2,6963.0599999999995,178.54,1,0,86,90,1
txn_81558,cust_6092,23317.54,failed,card_declined,credit_card,8,5,21863.76,2732.97,2,1,820,936,0
txn_10654,cust_6812,5084.78,failed,authentication_failed,upi,34,4,129424.74,3806.61,0,0,388,416,1
txn_97892,cust_5516,11740.5,failed,insufficient_funds,netbanking,12,7,57183.240000000005,4765.27,1,0,255,936,1
txn_41390,cust_7479,574.18,failed,insufficient_funds,debit_card,47,1,24668.420000000002,524.86,0,0,244,357,1
txn_37105,cust_1098,23388.09,failed,suspected_fraud,netbanking,13,6,18853.64,1450.28,0,0,71,368,0
txn_95092,cust_2223,23238.62,failed,insufficient_funds,upi,14,5,28780.079999999998,2055.72,1,0,522,678,1
txn_39475,cust_4985,24416.61,failed,insufficient_funds,upi,8,5,7881.76,985.22,2,1,63,963,1
txn_44765,cust_9417,9874.19,failed,expired_card,debit_card,27,4,42380.55,1569.65,1,0,167,207,0
txn_94335,cust_8952,23850.93,failed,network_error,debit_card,38,1,66911.54,1760.83,2,1,132,758,1
txn_28646,cust_1835,233.46,failed,expired_card,debit_card,46,8,74635.46,1622.5100000000002,2,1,951,991,0
txn_45919,cust_7617,13427.08,failed,expired_card,debit_card,29,4,110459.54999999999,3808.95,0,0,342,464,0
txn_48523,cust_9945,1765.41,failed,card_declined,debit_card,43,7,37685.2,876.4,2,2,668,863,1
txn_69342,cust_8060,12593.62,failed,network_error,debit_card,17,4,26511.67,1559.51,2,0,44,45,1
txn_72580,cust_7571,8351.6,failed,authentication_failed,credit_card,31,9,30314.899999999998,977.9,0,0,394,778,0
txn_44235,cust_9154,17655.1,failed,card_declined,credit_card,38,5,146404.88,3852.76,0,0,777,881,1
txn_25032,cust_4129,4760.41,failed,card_declined,netbanking,18,4,51362.64,2853.48,0,0,78,171,1
txn_49132,cust_1445,19810.23,failed,authentication_failed,credit_card,5,9,22401.350000000002,4480.27,1,0,21,95,1
txn_84710,cust_5175,1310.16,failed,card_declined,upi,20,2,33784.2,1689.2099999999998,0,0,19,517,1
txn_29881,cust_2410,14484.62,failed,insufficient_funds,credit_card,44,6,18176.84,413.11,0,0,184,639,0
txn_48258,cust_7102,6504.84,failed,insufficient_funds,upi,1,3,4747.01,4747.01,2,1,191,509,1
txn_25123,cust_1314,19715.61,failed,insufficient_funds,debit_card,35,3,129237.15,3692.49,2,1,373,574,0
txn_81206,cust_9134,10170.85,failed,insufficient_funds,netbanking,29,4,88621.1,3055.9,0,0,196,709,1
txn_61012,cust_5109,12903.42,failed,authentication_failed,debit_card,29,8,119022.95999999999,4104.24,2,0,335,529,0
txn_44812,cust_1919,12870.97,failed,suspected_fraud,credit_card,0,5,0.0,0.0,0,0,522,660,0
txn_72559,cust_2850,16225.02,failed,card_declined,debit_card,31,2,102495.3,3306.3,0,0,82,942,0
txn_97201,cust_2502,9332.49,failed,insufficient_funds,debit_card,8,9,10364.64,1295.58,2,2,35,511,1
txn_84755,cust_6517,20944.37,failed,insufficient_funds,upi,42,6,59101.560000000005,1407.18,0,0,166,194,1
txn_89872,cust_8630,18695.07,failed,insufficient_funds,netbanking,49,6,188302.1,3842.9,2,1,450,620,1
txn_86102,cust_3064,17047.99,failed,expired_card,debit_card,38,7,5246.28,138.06,1,1,45,503,0
txn_18609,cust_9061,21048.47,failed,insufficient_funds,upi,2,3,1511.02,755.51,1,0,67,416,1
txn_85020,cust_9879,13642.79,failed,insufficient_funds,credit_card,5,3,10573.050000000001,2114.61,1,0,277,529,1
txn_26535,cust_4587,23868.93,failed,network_error,credit_card,47,6,87299.68000000001,1857.44,0,0,40,168,1
txn_73749,cust_1845,17196.5,failed,insufficient_funds,credit_card,12,4,14479.32,1206.61,2,2,474,770,1
txn_18418,cust_3486,20411.5,failed,authentication_failed,netbanking,38,9,23242.32,611.64,0,0,268,615,1
txn_98416,cust_6065,9949.89,failed,card_declined,debit_card,2,8,3471.02,1735.51,2,1,117,547,1
txn_64387,cust_4945,12992.76,failed,insufficient_funds,credit_card,44,2,204832.31999999998,4655.28,2,0,738,839,1
txn_70102,cust_7539,7483.98,failed,card_declined,credit_card,26,6,41049.32,1578.82,1,1,601,919,1
txn_36183,cust_4932,14454.97,failed,expired_card,debit_card,4,7,16545.44,4136.36,1,0,37,239,0
txn_25994,cust_5777,17306.5,failed,suspected_fraud,credit_card,37,3,92272.82,2493.86,1,1,681,822,0
txn_95366,cust_6956,10920.02,failed,insufficient_funds,upi,26,7,19883.24,764.74,0,0,187,189,1
txn_35563,cust_5566,15278.88,failed,network_error,upi,18,9,84033.18000000001,4668.51,1,0,179,351,1
txn_23303,cust_8170,7014.31,failed,authentication_failed,credit_card,10,1,41982.600000000006,4198.26,2,1,46,442,1
txn_72574,cust_5042,16175.43,failed,expired_card,credit_card,27,7,104289.93000000001,3862.59,2,1,596,671,1
txn_22161,cust_2074,20668.44,failed,expired_card,debit_card,8,2,18974.0,2371.75,1,0,415,581,1
txn_75584,cust_1501,8488.86,failed,authentication_failed,netbanking,45,5,150522.3,3344.9399999999996,1,0,236,389,1
txn_98719,cust_5366,1042.94,failed,card_declined,upi,12,8,59004.240000000005,4917.02,2,0,834,863,1
txn_21353,cust_4749,6154.14,failed,card_declined,upi,7,8,16002.91,2286.13,2,1,533,907,0
txn_98916,cust_2982,19012.87,failed,insufficient_funds,upi,49,9,131444.95,2682.55,0,0,15,31,1
txn_34143,cust_5597,21746.93,failed,insufficient_funds,debit_card,22,9,92789.62,4217.71,1,1,432,839,1
txn_86000,cust_5468,13557.0,failed,insufficient_funds,netbanking,25,3,34399.5,1375.98,2,0,389,973,0
txn_76617,cust_1282,3289.93,failed,expired_card,upi,22,4,39207.740000000005,1782.1700000000003,0,0,67,129,1
txn_43332,cust_9505,19547.48,failed,expired_card,upi,21,5,53264.82,2536.42,0,0,193,204,1
txn_39299,cust_7016,23850.72,failed,insufficient_funds,upi,10,8,12533.800000000001,1253.38,0,0,449,823,1
txn_30002,cust_6577,24403.35,failed,insufficient_funds,credit_card,16,3,19857.76,1241.11,2,0,115,571,0
txn_74994,cust_6956,4177.23,failed,insufficient_funds,netbanking,41,2,117526.91,2866.51,2,2,259,297,1
txn_21801,cust_3096,4956.85,failed,authentication_failed,credit_card,6,4,16642.68,2773.78,0,0,676,895,0
txn_62224,cust_2356,11753.04,failed,insufficient_funds,upi,24,3,95959.92,3998.33,2,1,24,36,1
txn_73668,cust_6491,13647.31,failed,insufficient_funds,credit_card,49,9,92752.59000000001,1892.9100000000003,1,0,100,466,1
txn_89910,cust_2582,2614.07,failed,insufficient_funds,debit_card,30,3,125361.6,4178.72,1,0,101,188,1
txn_43005,cust_5271,11702.1,failed,expired_card,credit_card,46,3,184594.32,4012.92,2,0,211,954,0
txn_64659,cust_8823,15784.35,failed,card_declined,debit_card,4,1,2327.56,581.89,1,0,849,867,1
txn_30104,cust_9553,15621.63,failed,card_declined,upi,28,2,101728.76000000001,3633.1700000000005,2,1,157,574,1
txn_46784,cust_6560,20583.94,failed,insufficient_funds,debit_card,41,6,7497.67,182.87,1,1,255,626,1
txn_74824,cust_5207,5325.21,failed,insufficient_funds,debit_card,36,8,92307.24,2564.09,0,0,69,92,0
txn_19247,cust_7792,18372.03,failed,card_declined,credit_card,2,9,2754.48,1377.24,0,0,26,29,0
txn_54722,cust_5675,4205.14,failed,authentication_failed,upi,1,6,377.47,377.47,2,2,130,393,0
txn_93565,cust_9012,12104.21,failed,insufficient_funds,debit_card,42,9,159135.9,3788.95,1,0,767,824,1
txn_46674,cust_8734,24905.8,failed,card_declined,upi,5,1,22221.6,4444.32,0,0,484,565,1
txn_12147,cust_8129,2384.31,failed,insufficient_funds,upi,29,2,51962.2,1791.8,0,0,542,699,1
txn_45694,cust_5920,23995.66,failed,network_error,upi,10,8,34799.8,3479.9800000000005,2,1,27,773,1
txn_82361,cust_9113,18776.08,failed,expired_card,credit_card,18,1,22352.22,1241.79,2,2,26,229,1
txn_49643,cust_6191,1779.23,failed,card_declined,debit_card,12,1,33024.840000000004,2752.07,0,0,747,975,0
txn_75305,cust_9989,9000.63,failed,authentication_failed,debit_card,48,6,73243.20000000001,1525.9000000000003,1,1,50,961,1
txn_15544,cust_5753,12334.56,failed,insufficient_funds,debit_card,5,6,11848.4,2369.68,1,0,652,925,0
txn_81318,cust_6682,11439.9,failed,insufficient_funds,netbanking,40,5,63269.6,1581.74,0,0,79,725,1
txn_55836,cust_8064,23342.83,failed,authentication_failed,credit_card,41,8,175902.71000000002,4290.31,2,0,67,131,0
txn_56451,cust_1328,24057.21,failed,authentication_failed,credit_card,4,1,13599.04,3399.76,2,0,210,452,0
txn_60468,cust_6249,6244.77,failed,authentication_failed,credit_card,10,7,40226.3,4022.63,0,0,143,356,0
txn_23503,cust_3024,17575.01,failed,insufficient_funds,credit_card,37,3,77659.3,2098.9,0,0,195,834,1
txn_91218,cust_2460,15845.47,failed,network_error,debit_card,0,5,0.0,0.0,2,1,44,149,1
txn_78222,cust_2040,17245.08,failed,insufficient_funds,credit_card,11,2,11929.17,1084.47,1,0,158,231,1
txn_96282,cust_2108,4613.18,failed,card_declined,credit_card,32,7,104359.68,3261.24,0,0,115,927,1
txn_34074,cust_9222,3619.4,failed,insufficient_funds,debit_card,1,7,3036.86,3036.86,1,0,692,739,1
txn_46901,cust_8422,16699.93,failed,insufficient_funds,upi,5,9,4159.85,831.97,0,0,1,26,1
txn_87707,cust_1012,15214.07,failed,insufficient_funds,debit_card,4,2,12685.92,3171.48,0,0,387,606,1
txn_13543,cust_2438,18388.9,failed,network_error,debit_card,15,2,20659.649999999998,1377.31,0,0,109,212,1
txn_24591,cust_6720,2313.49,failed,insufficient_funds,upi,39,2,6942.389999999999,178.01,1,0,507,649,0
txn_84531,cust_2550,2461.18,failed,insufficient_funds,credit_card,23,2,16590.59,721.33,2,1,60,330,1
txn_97580,cust_7617,18983.76,failed,insufficient_funds,debit_card,20,1,48505.4,2425.27,2,0,142,153,1
txn_83396,cust_6906,12349.92,failed,card_declined,debit_card,32,7,90096.64,2815.52,0,0,701,750,1
txn_18804,cust_8799,13217.66,failed,card_declined,netbanking,20,1,5445.599999999999,272.28,2,1,16,344,1
txn_38400,cust_3850,16825.43,failed,insufficient_funds,credit_card,40,6,93722.0,2343.05,0,0,66,288,1
txn_14924,cust_5532,5977.12,failed,card_declined,credit_card,0,5,0.0,0.0,1,0,463,567,0
txn_13782,cust_4253,8845.6,failed,expired_card,credit_card,28,1,74035.08,2644.11,1,1,24,991,0
txn_41007,cust_3072,914.54,failed,insufficient_funds,netbanking,34,8,47556.82,1398.73,1,1,53,137,1
txn_54527,cust_4870,15091.02,failed,expired_card,credit_card,30,5,32504.7,1083.49,0,0,364,527,1
txn_62389,cust_9405,15953.19,failed,network_error,debit_card,1,8,4392.07,4392.07,0,0,274,504,1
txn_30365,cust_1561,12210.0,failed,expired_card,netbanking,43,3,14902.939999999999,346.58,1,1,412,703,1
txn_21434,cust_9212,24890.7,failed,expired_card,debit_card,43,2,158095.09,3676.63,0,0,260,372,1
txn_42376,cust_9712,24664.91,failed,insufficient_funds,credit_card,7,3,10281.32,1468.76,0,0,555,865,1
txn_12765,cust_2541,14061.78,failed,insufficient_funds,credit_card,14,7,36231.86,2587.9900000000002,2,1,156,770,1
txn_52399,cust_6072,19711.48,failed,insufficient_funds,credit_card,23,5,13676.03,594.61,1,1,680,850,1
txn_45863,cust_4285,6123.89,failed,network_error,credit_card,39,7,80822.82,2072.38,1,0,470,668,1
txn_86154,cust_4867,8463.45,failed,card_declined,credit_card,44,5,90849.0,2064.75,2,0,305,618,1
txn_40782,cust_4174,9365.16,failed,insufficient_funds,upi,39,7,73980.66,1896.94,2,1,53,639,1
txn_61153,cust_6609,8905.53,failed,card_declined,debit_card,2,4,1759.76,879.88,2,2,7,197,0
txn_12413,cust_7598,5565.74,failed,expired_card,debit_card,17,9,15593.42,917.26,1,0,78,115,0
txn_68703,cust_4110,8227.29,failed,insufficient_funds,credit_card,27,5,91752.75,3398.25,1,0,138,147,1
txn_23777,cust_6141,21071.33,failed,card_declined,netbanking,39,2,181312.16999999998,4649.03,1,0,225,619,0
txn_88006,cust_1235,19388.29,failed,expired_card,debit_card,43,8,173673.13,4038.9100000000003,2,0,3,6,0
txn_77359,cust_9701,21699.69,failed,card_declined,netbanking,8,8,29988.24,3748.53,1,0,463,610,0
txn_17490,cust_2777,8787.15,failed,insufficient_funds,upi,21,8,4332.93,206.33,2,0,302,302,1
txn_39092,cust_3869,9435.95,failed,insufficient_funds,debit_card,16,1,42701.6,2668.85,1,1,733,748,1
txn_43172,cust_8280,7898.38,failed,insufficient_funds,debit_card,12,1,5711.28,475.94,2,1,8,115,1
txn_83960,cust_1368,10247.05,failed,card_declined,credit_card,24,6,33829.68,1409.57,0,0,56,177,0
txn_90771,cust_5151,22512.79,failed,expired_card,credit_card,30,6,124203.90000000001,4140.13,2,1,75,180,0
txn_97132,cust_4641,24983.44,failed,insufficient_funds,credit_card,38,8,181625.18,4779.61,1,0,333,567,1
txn_66747,cust_9536,6044.11,failed,card_declined,debit_card,26,8,66773.98,2568.23,1,1,201,284,1
txn_38527,cust_8903,16952.71,failed,card_declined,upi,30,5,145276.2,4842.54,2,1,389,621,1
txn_48744,cust_4370,16157.62,failed,network_error,upi,2,7,2941.72,1470.86,1,1,382,480,1
txn_45418,cust_2075,15862.16,failed,insufficient_funds,debit_card,26,8,58732.96,2258.96,1,0,113,238,1
txn_95468,cust_9445,14597.54,failed,authentication_failed,debit_card,7,6,14891.029999999999,2127.29,0,0,105,376,1
txn_95435,cust_4883,21421.47,failed,insufficient_funds,credit_card,47,9,174028.31,3702.73,2,1,634,938,0
txn_54194,cust_5211,8441.83,failed,card_declined,credit_card,17,8,67041.03,3943.59,1,1,756,965,0
txn_65991,cust_1393,12295.72,failed,insufficient_funds,debit_card,4,7,2648.96,662.24,2,0,438,916,1
txn_78274,cust_3835,4995.25,failed,insufficient_funds,netbanking,39,1,16054.349999999999,411.65,1,1,34,886,1
txn_73600,cust_1889,869.77,failed,card_declined,debit_card,24,3,29494.56,1228.94,1,0,44,118,0
txn_13985,cust_5607,21306.63,failed,insufficient_funds,credit_card,35,7,41175.4,1176.44,2,1,70,177,0
txn_37937,cust_1686,18856.52,failed,expired_card,debit_card,20,8,60064.399999999994,3003.22,1,0,64,204,0
txn_96799,cust_5357,12308.69,failed,authentication_failed,credit_card,48,1,146811.84,3058.58,1,0,129,295,1
txn_85379,cust_1292,9327.33,failed,insufficient_funds,credit_card,28,7,13784.68,492.31,1,1,11,209,1
txn_47310,cust_9226,7204.83,failed,card_declined,credit_card,41,5,14613.630000000001,356.43,0,0,396,595,1
txn_66862,cust_8869,18192.71,failed,authentication_failed,credit_card,3,2,14408.82,4802.94,2,0,805,871,1
txn_46370,cust_6755,2046.46,failed,insufficient_funds,upi,10,8,16979.2,1697.92,1,0,103,297,0
txn_25210,cust_4740,11525.55,failed,expired_card,credit_card,36,7,176342.04,4898.39,0,0,127,625,1
txn_58137,cust_4845,11079.55,failed,insufficient_funds,debit_card,0,4,0.0,0.0,0,0,206,340,1
txn_78515,cust_1604,23881.62,failed,insufficient_funds,credit_card,1,7,3414.71,3414.71,1,1,149,153,1
txn_76201,cust_5086,14074.67,failed,insufficient_funds,credit_card,16,5,78021.92,4876.37,1,1,120,228,1
txn_76055,cust_2755,14244.59,failed,network_error,netbanking,21,2,47133.869999999995,2244.47,0,0,13,79,1
txn_82090,cust_9780,8938.43,failed,insufficient_funds,debit_card,48,3,68848.79999999999,1434.3499999999997,1,1,156,627,1
txn_75936,cust_3986,11186.55,failed,card_declined,netbanking,10,9,26641.0,2664.1,1,1,363,448,1
txn_58075,cust_5311,7743.39,failed,network_error,upi,36,6,122286.59999999999,3396.85,1,1,600,749,1
txn_54999,cust_8001,18150.43,failed,insufficient_funds,debit_card,34,1,139738.98,4109.97,1,1,166,246,1
txn_45825,cust_4241,17503.22,failed,card_declined,credit_card,12,2,56934.36,4744.53,0,0,128,801,1
txn_71416,cust_8420,10206.57,failed,expired_card,credit_card,30,6,134527.80000000002,4484.26,2,2,783,811,1
txn_80793,cust_9795,4779.41,failed,network_error,debit_card,17,2,28407.68,1671.04,1,1,84,911,1
txn_57013,cust_8833,1686.2,failed,expired_card,debit_card,0,3,0.0,0.0,0,0,149,376,1
txn_95395,cust_1789,3841.91,failed,insufficient_funds,credit_card,35,5,10642.1,304.06,2,2,208,270,1
txn_39377,cust_3711,13213.11,failed,expired_card,credit_card,34,5,91626.94,2694.91,1,0,42,947,1
txn_65283,cust_3986,19983.77,failed,network_error,debit_card,29,3,53895.340000000004,1858.46,0,0,106,554,1
txn_88199,cust_1669,18647.67,failed,insufficient_funds,credit_card,45,1,180565.65,4012.5699999999997,0,0,356,802,1
txn_34003,cust_1556,12480.06,failed,card_declined,credit_card,42,7,89629.26000000001,2134.03,2,1,239,874,1
txn_96912,cust_7596,22176.68,failed,network_error,upi,16,6,28048.96,1753.06,0,0,125,125,0
txn_42275,cust_1238,152.45,failed,insufficient_funds,debit_card,3,5,8578.53,2859.51,0,0,461,504,1
txn_16849,cust_9023,3614.01,failed,suspected_fraud,upi,38,1,168066.78000000003,4422.81,0,0,441,547,0
txn_82232,cust_3367,14704.33,failed,insufficient_funds,netbanking,40,6,116173.6,2904.34,2,0,60,987,1
txn_97858,cust_5320,15065.57,failed,insufficient_funds,netbanking,28,4,34670.16,1238.22,2,1,36,62,1
txn_55771,cust_5541,10774.29,failed,insufficient_funds,upi,17,7,31272.69,1839.57,2,0,65,541,1
txn_32419,cust_7331,21874.94,failed,authentication_failed,upi,32,2,67533.76,2110.43,1,1,852,944,1
txn_20974,cust_9974,24954.97,failed,insufficient_funds,credit_card,12,3,32682.36,2723.53,2,0,495,866,0
txn_45524,cust_7458,2539.1,failed,insufficient_funds,debit_card,8,2,5930.56,741.32,1,1,387,560,1
txn_62683,cust_8382,13032.07,failed,authentication_failed,netbanking,49,2,19287.87,393.63,1,1,716,838,0
txn_46145,cust_1583,2270.79,failed,card_declined,netbanking,4,2,8049.64,2012.41,1,0,139,558,0
txn_20131,cust_4347,22873.0,failed,insufficient_funds,credit_card,29,9,49933.939999999995,1721.86,2,1,68,154,1
txn_23934,cust_7745,23290.69,failed,authentication_failed,upi,5,9,22784.850000000002,4556.97,2,1,568,753,1
txn_73001,cust_7302,5886.37,failed,insufficient_funds,upi,1,2,2932.55,2932.55,0,0,419,729,1
txn_36708,cust_3846,8440.89,failed,insufficient_funds,credit_card,1,6,1036.42,1036.42,1,1,37,112,0
txn_92249,cust_3024,8076.07,failed,card_declined,netbanking,13,6,8069.88,620.76,0,0,464,843,0
txn_24274,cust_8848,11952.35,failed,network_error,upi,30,8,3537.6,117.92,1,1,281,945,1
txn_78295,cust_9210,992.72,failed,expired_card,credit_card,16,4,64470.08,4029.38,2,0,702,854,0
txn_98031,cust_8844,5054.09,failed,insufficient_funds,credit_card,7,4,31941.63,4563.09,1,0,94,715,0
txn_14947,cust_9627,21952.29,failed,card_declined,debit_card,11,9,38726.05,3520.55,1,1,106,516,1
txn_13346,cust_3873,1383.79,failed,card_declined,credit_card,1,6,1597.68,1597.68,0,0,142,540,1
txn_17310,cust_8251,14179.76,failed,suspected_fraud,credit_card,46,2,59359.780000000006,1290.43,2,2,637,653,1
txn_49994,cust_8631,16948.65,failed,expired_card,netbanking,32,2,49950.08,1560.94,1,0,206,307,0
txn_97502,cust_3877,11796.87,failed,insufficient_funds,debit_card,45,8,191890.34999999998,4264.23,2,0,223,230,1
txn_82723,cust_9853,18042.01,failed,insufficient_funds,credit_card,22,5,48494.38,2204.29,0,0,520,825,1
txn_30460,cust_6295,23675.23,failed,insufficient_funds,credit_card,13,4,38229.23,2940.71,0,0,82,102,0
txn_48374,cust_5144,15556.61,failed,insufficient_funds,credit_card,4,7,13924.52,3481.13,0,0,271,625,1
txn_90758,cust_3916,6069.05,failed,insufficient_funds,credit_card,40,7,122905.59999999999,3072.64,2,2,85,122,1
txn_72363,cust_1012,1878.98,failed,network_error,credit_card,0,2,0.0,0.0,0,0,300,612,0
txn_63911,cust_5512,3848.09,failed,expired_card,credit_card,40,2,199374.4,4984.36,0,0,63,148,0
txn_15912,cust_9459,12669.03,failed,insufficient_funds,netbanking,24,3,88191.6,3674.65,0,0,14,511,1
txn_34722,cust_9808,12120.73,failed,card_declined,credit_card,1,1,2079.48,2079.48,0,0,207,289,1
txn_63517,cust_2195,15863.23,failed,card_declined,credit_card,33,2,28338.09,858.73,2,2,72,72,1
txn_75908,cust_1909,12617.11,failed,insufficient_funds,debit_card,32,1,92747.52,2898.36,2,2,192,736,1
txn_59932,cust_5814,12130.4,failed,expired_card,credit_card,10,6,16182.5,1618.25,0,0,411,600,0
txn_65872,cust_8195,3221.21,failed,insufficient_funds,debit_card,28,2,92560.44,3305.73,2,0,582,766,1
txn_49851,cust_1973,24904.28,failed,insufficient_funds,credit_card,40,7,145902.0,3647.55,0,0,119,135,1
txn_32228,cust_5394,12952.09,failed,authentication_failed,upi,38,7,172769.65999999997,4546.57,0,0,168,393,1
txn_32745,cust_5537,12075.77,failed,insufficient_funds,credit_card,49,2,72768.43,1485.07,1,1,30,574,1
txn_68601,cust_7229,22948.08,failed,insufficient_funds,netbanking,12,3,39784.68,3315.39,0,0,832,905,1
txn_93106,cust_4873,15671.15,failed,network_error,debit_card,32,4,106002.56,3312.58,2,0,118,981,1
txn_67450,cust_7802,7995.38,failed,expired_card,credit_card,33,6,69747.81000000001,2113.57,0,0,435,468,1
txn_38343,cust_4380,3344.28,failed,suspected_fraud,credit_card,12,3,23446.800000000003,1953.9000000000003,2,1,211,253,0
txn_84907,cust_4756,16332.42,failed,card_declined,credit_card,16,4,33709.6,2106.85,0,0,123,925,0
txn_21672,cust_3377,23059.47,failed,card_declined,credit_card,5,8,14217.3,2843.46,0,0,146,433,0
txn_82943,cust_6308,20327.69,failed,card_declined,credit_card,14,8,19585.16,1398.94,2,2,359,819,1
txn_68706,cust_4240,4630.31,failed,insufficient_funds,debit_card,38,8,171851.96,4522.42,2,0,6,287,1
txn_63450,cust_5890,2729.99,failed,insufficient_funds,credit_card,14,6,18905.460000000003,1350.39,0,0,9,47,1
txn_29642,cust_4081,8496.92,failed,card_declined,debit_card,13,9,28948.920000000002,2226.84,1,1,711,951,1
txn_91060,cust_2690,1224.18,failed,expired_card,upi,0,8,0.0,0.0,0,0,257,282,1
txn_72537,cust_5490,9903.88,failed,insufficient_funds,netbanking,47,5,107063.65,2277.95,2,2,70,730,1
txn_67911,cust_5300,18634.39,failed,insufficient_funds,credit_card,46,5,33034.9,718.15,1,1,967,974,1
txn_47361,cust_1713,16513.75,failed,card_declined,upi,46,1,133148.38,2894.53,1,0,571,577,0
txn_58285,cust_2832,21422.48,failed,authentication_failed,netbanking,0,5,0.0,0.0,1,0,1,56,0
txn_43257,cust_1671,24457.72,failed,insufficient_funds,debit_card,49,2,197369.06,4027.94,0,0,366,413,1
txn_97483,cust_5939,22847.5,failed,network_error,credit_card,16,2,13474.24,842.14,1,0,417,964,1
txn_84519,cust_1246,24734.27,failed,insufficient_funds,debit_card,23,8,100083.12,4351.44,0,0,61,65,1
txn_46382,cust_3108,4769.01,failed,card_declined,credit_card,34,5,16845.98,495.46999999999997,0,0,202,237,0
txn_37610,cust_8939,4916.62,failed,authentication_failed,credit_card,35,6,122497.54999999999,3499.93,2,0,493,980,0
txn_11509,cust_4810,11796.09,failed,expired_card,netbanking,45,1,7480.349999999999,166.23,0,0,147,549,0
txn_66985,cust_3732,4967.8,failed,network_error,upi,43,4,86491.06,2011.4199999999998,1,0,168,449,1
txn_88287,cust_7604,22527.65,failed,expired_card,debit_card,41,9,56942.03,1388.83,2,1,141,427,1
txn_45794,cust_1904,10803.03,failed,insufficient_funds,netbanking,1,2,3132.78,3132.78,2,0,462,599,0
txn_10765,cust_2440,10624.01,failed,expired_card,credit_card,45,5,18084.6,401.88,2,0,123,126,1
txn_10840,cust_4888,1686.74,failed,expired_card,debit_card,4,4,10458.12,2614.53,2,1,216,886,1
txn_62134,cust_9848,10633.42,failed,card_declined,credit_card,18,5,62473.68000000001,3470.76,2,2,300,533,1
txn_36855,cust_5927,11124.21,failed,insufficient_funds,debit_card,3,1,11093.16,3697.72,1,0,184,628,0
txn_94258,cust_3176,4625.96,failed,card_declined,upi,2,3,2264.92,1132.46,0,0,417,513,0
txn_81437,cust_5483,18852.57,failed,authentication_failed,upi,20,9,27090.0,1354.5,0,0,229,471,0
txn_99314,cust_6241,16940.57,failed,card_declined,credit_card,2,1,9615.0,4807.5,1,0,686,759,0
txn_50077,cust_7000,22541.1,failed,card_declined,upi,37,7,64280.1,1737.3,0,0,325,396,0
txn_91007,cust_5175,9986.34,failed,card_declined,debit_card,40,3,22638.4,565.96,1,0,28,74,1
txn_49159,cust_4041,24037.37,failed,card_declined,upi,21,7,60699.66,2890.46,1,1,312,920,0
txn_34188,cust_7107,16735.39,failed,card_declined,upi,4,6,11313.64,2828.41,1,0,772,929,0
txn_76720,cust_7655,23264.69,failed,network_error,netbanking,25,7,62317.99999999999,2492.72,2,1,12,503,1
txn_78226,cust_3888,8148.99,failed,expired_card,debit_card,23,2,42291.02,1838.7399999999998,2,1,481,528,1
txn_92630,cust_1897,6842.4,failed,insufficient_funds,upi,10,1,42181.7,4218.17,0,0,167,918,1
txn_49384,cust_6640,21878.69,failed,suspected_fraud,debit_card,41,6,96306.95,2348.95,0,0,486,745,1
txn_14535,cust_6969,16566.15,failed,card_declined,debit_card,32,4,86081.92,2690.06,1,1,472,493,1
txn_43822,cust_4872,12532.61,failed,network_error,netbanking,37,6,20752.93,560.89,1,0,10,544,1
txn_82154,cust_4773,23316.78,failed,card_declined,debit_card,47,3,95516.69,2032.27,0,0,9,97,1
txn_21179,cust_5368,16894.49,failed,card_declined,upi,32,1,72874.56,2277.33,0,0,55,123,1
txn_83489,cust_8759,24939.69,failed,network_error,upi,2,9,7401.54,3700.77,2,2,82,136,0
txn_64816,cust_8262,22865.32,failed,network_error,upi,46,6,186215.36,4048.16,1,0,437,848,1
txn_12597,cust_4231,11848.34,failed,insufficient_funds,debit_card,16,5,77743.68,4858.98,0,0,269,588,0
txn_52722,cust_7312,8714.83,failed,expired_card,credit_card,40,2,180630.80000000002,4515.77,2,2,100,393,1
txn_79165,cust_3273,24590.75,failed,expired_card,credit_card,49,7,138637.16999999998,2829.3299999999995,1,0,553,606,0
txn_25588,cust_8807,4159.71,failed,expired_card,debit_card,48,9,166015.68,3458.66,1,0,123,612,0
txn_93591,cust_2868,18822.61,failed,suspected_fraud,upi,30,9,97414.79999999999,3247.1599999999994,2,2,728,973,1
txn_47405,cust_7212,8969.96,failed,insufficient_funds,debit_card,9,5,15996.960000000001,1777.44,0,0,288,834,1
txn_13271,cust_5717,13218.91,failed,card_declined,debit_card,32,5,14734.72,460.46,2,2,67,415,1
txn_68382,cust_3210,12086.47,failed,insufficient_funds,upi,42,1,131964.42,3142.01,0,0,330,331,1
txn_96158,cust_6266,3214.76,failed,card_declined,upi,35,1,51049.95,1458.57,0,0,517,720,0
txn_30054,cust_8770,8914.48,failed,insufficient_funds,credit_card,3,3,533.04,177.67999999999998,0,0,53,687,1
txn_52299,cust_1502,7022.76,failed,card_declined,credit_card,26,6,120102.06000000001,4619.31,0,0,189,279,1
txn_23435,cust_2329,23274.28,failed,insufficient_funds,upi,1,8,368.46,368.46,2,2,721,989,0
txn_43979,cust_7250,13210.04,failed,insufficient_funds,credit_card,1,6,2862.95,2862.95,1,0,403,858,0
txn_50983,cust_6901,15113.69,failed,insufficient_funds,upi,31,2,94153.51,3037.21,0,0,492,632,1
txn_91144,cust_1419,11172.18,failed,network_error,upi,32,6,153944.64,4810.77,1,1,338,806,1
txn_83391,cust_1526,2238.56,failed,insufficient_funds,upi,6,1,16118.34,2686.39,1,0,499,569,1
txn_30566,cust_9494,12622.03,failed,expired_card,credit_card,4,3,904.56,226.14,2,0,141,560,1
txn_51787,cust_9007,7206.05,failed,insufficient_funds,credit_card,21,5,61928.58,2948.98,2,0,33,302,1
txn_93251,cust_2538,5125.15,failed,insufficient_funds,upi,43,7,59813.86,1391.02,2,0,425,825,1
txn_34395,cust_2198,9561.69,failed,authentication_failed,credit_card,43,3,54704.170000000006,1272.19,2,0,18,18,1
txn_39754,cust_2892,6374.67,failed,authentication_failed,netbanking,31,2,60996.219999999994,1967.62,2,2,106,107,1
txn_52845,cust_3018,23243.1,failed,insufficient_funds,debit_card,24,4,51023.520000000004,2125.98,1,1,703,836,1
txn_86095,cust_7884,9607.58,failed,network_error,debit_card,12,3,8946.48,745.54,2,0,128,250,1
txn_38460,cust_4215,390.31,failed,insufficient_funds,debit_card,39,3,98619.29999999999,2528.7,1,1,183,271,1
txn_55647,cust_1889,412.15,failed,card_declined,debit_card,31,2,55631.36,1794.56,2,0,135,732,1
txn_61690,cust_7207,18741.49,failed,insufficient_funds,debit_card,45,2,100579.5,2235.1,1,1,244,975,1
txn_79002,cust_6145,2390.86,failed,card_declined,debit_card,34,2,56145.899999999994,1651.35,1,1,155,205,0
txn_97212,cust_9051,12290.81,failed,network_error,upi,11,5,48797.54,4436.14,1,0,307,905,1
txn_18524,cust_4030,11992.19,failed,insufficient_funds,credit_card,24,7,48825.600000000006,2034.4000000000003,2,2,696,848,1
txn_69136,cust_2550,17009.16,failed,expired_card,upi,22,4,13850.76,629.58,2,2,416,538,1
txn_77619,cust_8218,15854.93,failed,insufficient_funds,debit_card,32,4,132058.56,4126.83,0,0,471,680,1
txn_43440,cust_9055,3091.14,failed,card_declined,debit_card,14,8,26337.08,1881.22,1,1,105,966,1
txn_33212,cust_1496,15642.35,failed,expired_card,netbanking,1,4,939.85,939.85,1,0,367,669,0
txn_40565,cust_9834,13268.74,failed,expired_card,upi,42,7,124893.3,2973.65,2,0,300,478,0
txn_39181,cust_5060,868.36,failed,card_declined,upi,29,3,39734.64,1370.16,2,2,122,987,1
txn_28296,cust_8548,10299.68,failed,insufficient_funds,credit_card,4,3,13890.56,3472.64,1,0,191,438,0
txn_72901,cust_7204,16511.1,failed,insufficient_funds,debit_card,11,2,31276.19,2843.29,1,1,336,661,1
txn_73985,cust_8416,2656.78,failed,expired_card,debit_card,16,8,46168.16,2885.51,0,0,2,221,1
txn_24925,cust_1922,11231.86,failed,expired_card,credit_card,7,2,28251.93,4035.9900000000002,1,1,108,128,0
txn_37414,cust_7857,21053.13,failed,network_error,debit_card,45,2,186681.15000000002,4148.47,0,0,125,308,1
txn_16026,cust_7981,8869.26,failed,expired_card,credit_card,24,5,14038.800000000001,584.95,1,1,111,221,0
txn_92681,cust_3970,1072.41,failed,expired_card,debit_card,36,3,86791.68000000001,2410.88,2,1,57,62,1
txn_85582,cust_2055,17344.58,failed,network_error,credit_card,7,4,22747.13,3249.59,1,1,807,838,1
txn_75149,cust_2203,9948.35,failed,authentication_failed,credit_card,6,1,24716.159999999996,4119.36,1,0,354,578,0
txn_14414,cust_6024,20840.12,failed,insufficient_funds,debit_card,9,9,14737.77,1637.53,0,0,265,847,0
txn_38451,cust_6064,16535.15,failed,authentication_failed,upi,15,4,19118.55,1274.57,0,0,6,74,1
txn_11843,cust_1770,10260.18,failed,expired_card,credit_card,42,9,13958.279999999999,332.34,2,1,115,820,1
txn_12881,cust_9419,15685.13,failed,expired_card,credit_card,42,1,103545.54,2465.37,2,1,167,950,1
txn_87711,cust_9594,14894.09,failed,suspected_fraud,netbanking,10,7,33092.1,3309.21,0,0,414,597,0
txn_72524,cust_8032,856.47,failed,card_declined,debit_card,4,5,15895.8,3973.95,1,0,443,486,0
txn_22380,cust_1264,13497.57,failed,insufficient_funds,credit_card,9,6,25205.31,2800.59,0,0,378,746,1
txn_89287,cust_7010,19542.36,failed,insufficient_funds,credit_card,3,8,13466.099999999999,4488.7,2,2,842,946,0
txn_61370,cust_5677,16963.48,failed,card_declined,debit_card,30,1,73698.3,2456.61,2,1,103,473,1
txn_87339,cust_1442,20073.89,failed,card_declined,credit_card,5,1,6282.200000000001,1256.44,2,2,341,892,1
txn_38351,cust_8862,3865.93,failed,insufficient_funds,netbanking,11,1,29318.85,2665.35,0,0,253,824,1
txn_57113,cust_3939,542.16,failed,insufficient_funds,debit_card,25,1,45465.25,1818.61,0,0,157,210,1
txn_31381,cust_4850,120.91,failed,authentication_failed,credit_card,36,1,26008.56,722.46,2,0,34,202,0
txn_25439,cust_8991,445.16,failed,card_declined,credit_card,25,3,40887.5,1635.5,0,0,298,724,0
txn_43038,cust_2973,8779.89,failed,card_declined,credit_card,14,6,30444.399999999998,2174.6,2,0,71,251,1
txn_78447,cust_3303,13723.14,failed,expired_card,upi,21,2,2646.84,126.04,1,1,184,388,1
txn_72781,cust_3956,8357.11,failed,expired_card,credit_card,2,3,8018.46,4009.23,1,1,378,485,0
txn_74303,cust_7048,6332.78,failed,authentication_failed,debit_card,30,3,5050.5,168.35,2,0,48,128,0
txn_39877,cust_4955,20396.42,failed,card_declined,credit_card,8,4,29894.24,3736.78,2,2,17,93,1
txn_80572,cust_8073,5682.79,failed,insufficient_funds,upi,49,3,208335.75,4251.75,0,0,525,646,0
txn_87257,cust_8252,10952.02,failed,suspected_fraud,credit_card,11,3,52635.55,4785.05,1,1,9,37,0
txn_56638,cust_7485,3161.2,failed,card_declined,upi,18,3,46653.12,2591.84,1,0,82,243,1
txn_71762,cust_4897,9923.83,failed,insufficient_funds,upi,43,4,31887.079999999998,741.56,1,1,72,475,1
txn_97412,cust_3980,20641.44,failed,insufficient_funds,netbanking,39,7,25110.93,643.87,1,1,581,868,0
txn_61369,cust_2900,19655.92,failed,card_declined,netbanking,16,2,49264.0,3079.0,1,0,304,459,1
txn_75782,cust_3511,360.02,failed,network_error,credit_card,43,8,102877.93000000001,2392.51,0,0,398,646,0
txn_91481,cust_8283,13732.6,failed,insufficient_funds,credit_card,40,5,96212.8,2405.32,2,0,192,235,1
txn_10591,cust_8091,11361.6,failed,card_declined,upi,40,1,125196.0,3129.9,1,0,65,166,1
txn_45613,cust_4038,15212.36,failed,card_declined,debit_card,41,8,119717.95,2919.95,2,1,589,610,1
txn_86464,cust_6974,6485.59,failed,card_declined,netbanking,12,9,28857.840000000004,2404.82,1,0,109,192,0
txn_18562,cust_2618,19714.59,failed,expired_card,debit_card,23,5,58541.44,2545.28,1,0,45,221,0
txn_74230,cust_7157,20820.84,failed,network_error,debit_card,22,6,58610.86,2664.13,2,2,308,530,0
txn_19066,cust_3815,19029.58,failed,insufficient_funds,debit_card,31,6,22898.77,738.67,2,2,5,654,1
txn_69648,cust_7351,807.97,failed,expired_card,credit_card,39,8,84150.29999999999,2157.7,0,0,387,409,0
txn_38371,cust_6594,10377.46,failed,insufficient_funds,credit_card,27,9,37106.369999999995,1374.3099999999997,1,0,142,617,0
txn_91614,cust_9640,2919.52,failed,expired_card,debit_card,14,9,14970.759999999998,1069.34,0,0,144,457,0
txn_45367,cust_5310,6796.06,failed,network_error,netbanking,38,3,6642.400000000001,174.8,0,0,300,478,1
txn_40099,cust_1011,4319.01,failed,network_error,upi,21,1,82562.97,3931.57,2,2,541,730,1
txn_91943,cust_1076,23306.74,failed,expired_card,upi,7,5,1318.73,188.39000000000001,1,1,164,327,0
txn_27140,cust_8143,23467.53,failed,insufficient_funds,netbanking,23,5,17998.649999999998,782.55,0,0,3,68,1
txn_93038,cust_9014,7051.86,failed,authentication_failed,credit_card,5,1,15106.5,3021.3,1,1,125,187,0
txn_41921,cust_1562,11329.61,failed,network_error,credit_card,47,9,116025.14,2468.62,2,2,69,236,1
txn_96134,cust_1573,3961.24,failed,card_declined,debit_card,8,4,16153.68,2019.21,0,0,8,8,1
txn_16050,cust_9846,13948.34,failed,suspected_fraud,debit_card,27,4,129161.52,4783.76,1,1,353,431,0
txn_65781,cust_7852,20116.32,failed,expired_card,credit_card,15,4,60488.55,4032.57,2,0,428,550,0
txn_20220,cust_4932,8968.87,failed,insufficient_funds,credit_card,43,4,166967.28,3882.96,0,0,105,298,1
txn_85720,cust_1318,16420.84,failed,network_error,debit_card,41,4,184891.96000000002,4509.56,2,2,336,647,1
txn_60430,cust_8043,6751.06,failed,network_error,credit_card,17,5,26186.97,1540.41,1,1,83,299,1
txn_10255,cust_3659,515.23,failed,network_error,credit_card,40,9,104563.2,2614.08,2,2,723,802,1
txn_42599,cust_1613,22685.72,failed,expired_card,debit_card,0,9,0.0,0.0,0,0,131,165,0
txn_20567,cust_6913,11316.1,failed,card_declined,debit_card,9,4,17201.25,1911.25,2,0,53,105,1
txn_70562,cust_7457,5864.68,failed,authentication_failed,netbanking,28,5,16825.2,600.9,2,0,3,27,0
txn_32075,cust_3611,15132.0,failed,insufficient_funds,upi,7,3,16726.36,2389.48,1,1,221,231,1
txn_97276,cust_6247,7265.37,failed,network_error,upi,26,8,56745.26000000001,2182.51,0,0,132,394,1
txn_15239,cust_9289,11031.01,failed,insufficient_funds,upi,20,3,96151.4,4807.57,1,1,162,652,1
txn_69254,cust_5227,9900.28,failed,authentication_failed,debit_card,5,3,1372.5,274.5,2,1,10,467,1
txn_82790,cust_6660,6342.97,failed,network_error,netbanking,46,4,127646.32,2774.92,2,2,55,266,1
txn_65894,cust_6604,280.58,failed,network_error,credit_card,16,6,55427.36,3464.21,2,1,887,911,1
txn_77936,cust_7945,10729.08,failed,expired_card,credit_card,9,6,27613.98,3068.22,2,2,76,156,1
txn_48665,cust_3280,15706.28,failed,suspected_fraud,debit_card,36,6,15559.199999999999,432.2,0,0,98,108,0
txn_83844,cust_1559,18580.9,failed,network_error,credit_card,27,5,121858.02,4513.26,0,0,24,44,1
txn_80507,cust_1798,9743.85,failed,network_error,upi,48,4,55071.84,1147.33,1,1,11,121,1
txn_37209,cust_5295,6339.14,failed,card_declined,credit_card,13,2,6394.83,491.90999999999997,0,0,35,71,1
txn_35102,cust_4837,1395.62,failed,card_declined,debit_card,35,3,85943.9,2455.54,0,0,175,308,0
txn_90205,cust_7096,20810.76,failed,insufficient_funds,credit_card,24,6,60244.56,2510.19,2,1,533,614,0
txn_89082,cust_4955,20112.53,failed,suspected_fraud,credit_card,8,1,36378.56,4547.32,2,2,342,558,0
txn_52244,cust_8670,5804.43,failed,suspected_fraud,credit_card,29,4,48304.14,1665.66,0,0,541,874,0
txn_11652,cust_2415,2970.27,failed,insufficient_funds,credit_card,4,1,10380.76,2595.19,1,1,180,186,1
txn_93456,cust_8635,3987.88,failed,suspected_fraud,debit_card,43,7,213317.84,4960.88,1,1,88,774,0
txn_63031,cust_3180,3925.82,failed,expired_card,debit_card,26,1,40093.04,1542.04,0,0,420,583,1
txn_57042,cust_5335,5958.48,failed,expired_card,credit_card,39,7,171787.2,4404.8,1,1,203,216,1
txn_60391,cust_7341,6589.72,failed,insufficient_funds,debit_card,37,2,174768.39,4723.47,2,2,13,27,1
txn_59396,cust_2949,1276.51,failed,card_declined,upi,24,2,4639.4400000000005,193.31000000000003,1,0,19,478,1
txn_24456,cust_5349,16332.7,failed,insufficient_funds,debit_card,16,9,73749.28,4609.33,1,1,8,13,1
txn_69099,cust_8614,2663.83,failed,card_declined,credit_card,39,6,161400.71999999997,4138.48,2,1,597,794,1
txn_84779,cust_9194,16244.56,failed,insufficient_funds,netbanking,11,2,1334.96,121.36,2,1,59,333,1
txn_12654,cust_7446,4280.61,failed,network_error,netbanking,32,1,53321.6,1666.3,1,1,742,857,1
txn_36819,cust_5919,9917.23,failed,insufficient_funds,upi,8,9,2833.76,354.22,0,0,87,231,1
txn_74385,cust_9120,22818.98,failed,suspected_fraud,upi,47,8,30397.25,646.75,1,1,50,371,0
txn_73582,cust_5861,3645.39,failed,authentication_failed,debit_card,18,9,5169.42,287.19,0,0,9,13,1
txn_18176,cust_1938,197.91,failed,card_declined,upi,42,4,153838.02,3662.81,1,0,294,638,1
txn_60355,cust_6373,2245.75,failed,network_error,credit_card,43,4,86486.76,2011.32,2,1,22,546,1
txn_23280,cust_7227,6899.89,failed,network_error,credit_card,37,5,162359.33000000002,4388.09,1,1,86,263,1
txn_65797,cust_8145,6651.7,failed,card_declined,debit_card,24,9,80195.28,3341.47,0,0,137,250,1
txn_45690,cust_4749,13759.76,failed,expired_card,debit_card,29,4,26805.57,924.33,1,0,647,822,1
txn_81880,cust_5970,16234.94,failed,expired_card,debit_card,11,3,51906.69,4718.79,1,0,273,768,1
txn_63938,cust_4996,17011.28,failed,card_declined,debit_card,11,5,10013.52,910.32,0,0,168,319,1
txn_30939,cust_2614,18136.51,failed,card_declined,debit_card,47,1,97352.04000000001,2071.32,0,0,5,17,1
txn_67207,cust_6733,9205.6,failed,insufficient_funds,credit_card,45,6,27382.5,608.5,0,0,110,269,1
txn_32578,cust_9841,19880.2,failed,insufficient_funds,debit_card,41,9,106084.22,2587.42,1,1,263,979,1
txn_30505,cust_1947,6143.63,failed,card_declined,credit_card,44,2,27566.879999999997,626.52,0,0,22,106,0
txn_98989,cust_5617,7941.49,failed,authentication_failed,credit_card,8,3,20001.28,2500.16,0,0,94,172,0
txn_63281,cust_2049,23192.66,failed,insufficient_funds,credit_card,13,8,37962.47,2920.19,0,0,407,566,1
txn_68150,cust_5694,23608.53,failed,network_error,upi,15,8,35628.45,2375.23,1,1,141,592,0
txn_31256,cust_4066,21448.63,failed,insufficient_funds,debit_card,21,3,40172.79,1912.99,2,1,268,427,1
txn_35976,cust_6374,17651.96,failed,expired_card,upi,0,5,0.0,0.0,1,0,188,227,0
txn_85899,cust_5735,1822.06,failed,card_declined,upi,20,9,46206.8,2310.34,0,0,251,623,1
txn_92501,cust_5215,19810.48,failed,insufficient_funds,upi,15,2,69893.85,4659.59,0,0,577,838,1
txn_74315,cust_2656,23585.3,failed,card_declined,debit_card,47,1,148381.82,3157.06,1,1,403,963,1
txn_17470,cust_4691,22233.81,failed,card_declined,debit_card,31,1,138747.01,4475.71,2,1,368,941,1
txn_86816,cust_1759,13401.26,failed,expired_card,debit_card,45,1,179998.65,3999.97,2,1,304,650,1
txn_25419,cust_6479,13371.51,failed,card_declined,credit_card,23,6,48624.990000000005,2114.13,2,1,229,533,1
txn_65152,cust_8142,4674.58,failed,expired_card,upi,44,5,73015.8,1659.45,0,0,34,68,0
txn_79837,cust_5370,9245.63,failed,authentication_failed,upi,42,8,59964.24,1427.72,0,0,135,465,0
txn_64333,cust_4095,1948.69,failed,insufficient_funds,credit_card,14,3,65517.06,4679.79,0,0,515,730,1
txn_59817,cust_1872,16919.74,failed,expired_card,upi,12,5,19476.84,1623.07,0,0,89,627,0
txn_88563,cust_1771,13887.19,failed,network_error,debit_card,26,8,96720.26000000001,3720.01,2,1,74,134,0
txn_86579,cust_6062,15002.37,failed,card_declined,netbanking,45,2,159030.45,3534.01,1,0,227,501,1
txn_33016,cust_6444,19914.84,failed,insufficient_funds,debit_card,47,6,128340.55,2730.65,2,1,168,459,1
txn_64973,cust_9619,13341.15,failed,insufficient_funds,credit_card,42,3,107397.78,2557.09,2,1,256,932,1
txn_51368,cust_2832,11924.76,failed,insufficient_funds,netbanking,2,8,3798.3,1899.15,1,1,139,176,1
txn_89599,cust_1666,419.48,failed,network_error,debit_card,20,2,45901.6,2295.08,0,0,110,412,1
txn_38391,cust_8514,10075.9,failed,expired_card,upi,46,3,175318.42,3811.2700000000004,1,0,539,925,0
txn_89062,cust_3419,19317.87,failed,card_declined,credit_card,15,1,4789.2,319.28,2,0,69,120,1
txn_72513,cust_6645,7778.64,failed,card_declined,debit_card,13,5,52929.89,4071.5299999999997,0,0,111,439,0
txn_13420,cust_9015,12858.85,failed,network_error,upi,9,9,33194.43,3688.27,1,1,44,48,1
txn_29171,cust_8422,19890.65,failed,authentication_failed,debit_card,20,6,90420.0,4521.0,0,0,326,929,1
txn_80603,cust_1303,2507.44,failed,insufficient_funds,debit_card,26,8,10764.26,414.01,1,1,26,27,1
txn_40314,cust_1528,6754.08,failed,insufficient_funds,upi,24,4,73215.12,3050.6299999999997,2,2,337,513,1
txn_32161,cust_9730,15424.62,failed,card_declined,netbanking,26,6,122649.02000000002,4717.27,1,0,263,899,0
txn_36926,cust_5071,19156.32,failed,card_declined,upi,36,5,130978.08,3638.28,0,0,70,185,1
txn_61626,cust_7765,16866.33,failed,card_declined,upi,2,4,8822.56,4411.28,0,0,181,504,0
txn_84095,cust_8218,14042.27,failed,insufficient_funds,upi,27,5,106968.06000000001,3961.7800000000007,2,1,776,858,1
txn_93666,cust_8078,13689.65,failed,expired_card,credit_card,18,2,48663.36,2703.52,1,0,32,60,1
txn_34102,cust_4759,4834.75,failed,insufficient_funds,upi,14,3,29488.059999999998,2106.29,1,0,49,520,1
txn_57606,cust_6768,17891.16,failed,expired_card,credit_card,7,3,23502.64,3357.52,1,0,213,519,1
txn_18888,cust_9804,18188.15,failed,insufficient_funds,credit_card,48,4,119656.32,2492.84,2,1,771,923,1
txn_77664,cust_1702,7837.6,failed,insufficient_funds,credit_card,20,4,21485.2,1074.26,1,1,345,881,1
txn_66880,cust_4952,2804.34,failed,card_declined,credit_card,1,6,4187.21,4187.21,2,0,3,3,0
txn_67757,cust_7412,806.96,failed,authentication_failed,debit_card,19,2,27346.89,1439.31,2,2,57,826,1
txn_12389,cust_3415,18152.93,failed,insufficient_funds,credit_card,47,6,28762.120000000003,611.96,1,1,279,816,0
txn_38173,cust_7324,8001.5,failed,card_declined,debit_card,15,8,64668.45,4311.23,1,0,31,150,1
txn_20528,cust_4664,8575.71,failed,expired_card,credit_card,3,4,7027.38,2342.46,0,0,521,961,1
txn_87124,cust_7147,12828.64,failed,insufficient_funds,debit_card,47,1,52368.81,1114.23,1,0,389,584,0
txn_44129,cust_2088,2693.6,failed,insufficient_funds,credit_card,8,3,4969.6,621.2,2,0,238,266,1
txn_45326,cust_6415,7436.79,failed,expired_card,credit_card,4,1,10108.24,2527.06,1,0,39,220,0
txn_73226,cust_8140,18413.63,failed,card_declined,netbanking,45,6,44067.6,979.28,1,1,65,165,1
txn_36398,cust_1868,23965.71,failed,insufficient_funds,credit_card,16,4,38403.68,2400.23,1,0,502,721,1
txn_80412,cust_2513,15279.33,failed,authentication_failed,debit_card,25,2,123637.25,4945.49,0,0,34,53,1
txn_26876,cust_6299,5723.13,failed,insufficient_funds,credit_card,8,9,2124.56,265.57,2,0,164,587,1
txn_11214,cust_6803,9879.99,failed,card_declined,debit_card,39,3,26005.589999999997,666.81,2,2,146,844,1
txn_37740,cust_9708,16081.17,failed,insufficient_funds,debit_card,20,4,9082.6,454.13,2,0,350,434,1
txn_56553,cust_1747,15539.77,failed,network_error,debit_card,14,2,61205.340000000004,4371.81,2,1,65,699,1
txn_91397,cust_2295,8464.08,failed,expired_card,upi,34,5,70940.32,2086.48,2,0,5,10,1
txn_25861,cust_4897,1759.14,failed,card_declined,debit_card,39,2,28331.940000000002,726.46,1,0,358,408,1
txn_37453,cust_7804,1423.19,failed,insufficient_funds,netbanking,38,8,35629.94,937.6300000000001,1,0,61,196,1
txn_82497,cust_5942,613.98,failed,insufficient_funds,credit_card,48,8,99872.63999999998,2080.68,2,2,3,8,0
txn_18253,cust_6476,7297.45,failed,insufficient_funds,netbanking,20,3,40186.4,2009.3200000000002,0,0,163,380,1
txn_62181,cust_4759,5876.87,failed,authentication_failed,netbanking,36,2,22249.8,618.05,2,0,23,64,1
txn_62482,cust_7596,22960.54,failed,expired_card,upi,23,8,58767.990000000005,2555.13,1,1,684,931,1
txn_81543,cust_2217,20832.9,failed,authentication_failed,credit_card,22,1,19652.379999999997,893.2899999999998,1,1,522,933,1
txn_34281,cust_9471,9365.8,failed,authentication_failed,netbanking,1,6,2845.18,2845.18,1,1,387,451,0
txn_63744,cust_7101,18627.86,failed,insufficient_funds,credit_card,21,3,48952.26,2331.06,0,0,595,828,1
txn_99557,cust_5889,9983.83,failed,card_declined,netbanking,26,7,63304.8,2434.8,2,2,397,414,1
txn_67619,cust_1909,565.05,failed,authentication_failed,debit_card,13,3,1941.55,149.35,0,0,35,224,1
txn_68798,cust_2420,21171.44,failed,card_declined,debit_card,3,4,1983.2400000000002,661.08,0,0,495,552,1
txn_83079,cust_4444,20011.36,failed,insufficient_funds,credit_card,11,1,47726.91,4338.81,0,0,46,46,1
txn_26101,cust_3696,10572.79,failed,insufficient_funds,debit_card,20,3,28642.399999999998,1432.12,0,0,3,6,1
txn_36673,cust_1329,19487.73,failed,insufficient_funds,credit_card,23,8,25345.31,1101.97,1,1,60,764,1
txn_68942,cust_3050,11767.87,failed,suspected_fraud,upi,15,7,38989.5,2599.3,0,0,255,530,0
txn_48622,cust_6291,17116.42,failed,insufficient_funds,debit_card,13,9,60718.06,4670.62,0,0,132,182,1
txn_30011,cust_5729,14401.45,failed,authentication_failed,credit_card,0,1,0.0,0.0,0,0,201,830,0
txn_28830,cust_9584,22120.07,failed,insufficient_funds,debit_card,19,7,18697.52,984.08,1,0,107,134,1
txn_99082,cust_1628,17048.76,failed,card_declined,debit_card,38,5,80192.16,2110.32,0,0,393,398,0
txn_12395,cust_8276,2433.82,failed,expired_card,debit_card,31,1,6139.86,198.06,0,0,340,968,1
txn_95548,cust_8711,12228.02,failed,expired_card,upi,4,3,18634.88,4658.72,1,0,222,761,1
txn_42963,cust_5721,10758.31,failed,insufficient_funds,credit_card,3,2,8143.77,2714.59,1,1,72,141,1
txn_73593,cust_1639,21951.23,failed,suspected_fraud,credit_card,3,4,9835.08,3278.36,0,0,74,90,0
txn_75807,cust_9437,24861.53,failed,authentication_failed,upi,43,9,166778.51,3878.57,1,1,79,442,0
txn_20857,cust_9708,22914.73,failed,insufficient_funds,credit_card,40,6,27195.6,679.89,2,2,186,400,1
txn_13646,cust_1500,2929.23,failed,card_declined,upi,49,7,221945.5,4529.5,1,0,71,640,1
txn_33437,cust_8758,12108.62,failed,insufficient_funds,credit_card,36,9,95610.24,2655.84,0,0,774,997,0
txn_98552,cust_7525,16111.53,failed,insufficient_funds,credit_card,39,2,139999.08,3589.72,1,1,194,397,1
txn_15400,cust_1214,10488.45,failed,suspected_fraud,upi,16,8,45954.88,2872.18,2,1,69,158,0
txn_53148,cust_7834,22287.5,failed,network_error,credit_card,47,8,191671.63999999998,4078.12,1,1,52,87,1
txn_46744,cust_1732,5545.08,failed,network_error,upi,46,3,97296.43999999999,2115.14,1,0,6,9,0
txn_88653,cust_5664,809.07,failed,insufficient_funds,netbanking,7,3,16873.850000000002,2410.55,1,1,78,678,1
txn_34945,cust_5090,7650.66,failed,card_declined,credit_card,26,3,76356.54,2936.79,1,0,1,865,0
txn_71600,cust_6280,24540.4,failed,network_error,netbanking,14,9,47850.880000000005,3417.9200000000005,2,0,78,471,0
txn_24263,cust_2884,20933.7,failed,insufficient_funds,credit_card,3,6,13730.939999999999,4576.98,1,1,249,312,1
txn_74558,cust_6298,8872.1,failed,suspected_fraud,debit_card,9,7,30310.56,3367.84,2,0,338,587,0
txn_20057,cust_8813,13771.98,failed,card_declined,debit_card,49,7,47534.9,970.1,1,0,114,493,0
txn_60406,cust_8082,18764.81,failed,network_error,debit_card,21,7,14883.96,708.76,2,1,145,162,0
txn_11439,cust_2711,12006.45,failed,expired_card,credit_card,34,1,81886.96,2408.44,0,0,70,103,1
txn_65309,cust_7096,22442.85,failed,authentication_failed,credit_card,38,7,142083.52,3739.0399999999995,1,0,14,872,1
txn_31832,cust_6278,23486.41,failed,insufficient_funds,credit_card,10,6,36722.7,3672.2699999999995,1,0,267,569,0
txn_71477,cust_9759,10761.57,failed,authentication_failed,debit_card,7,7,31889.13,4555.59,2,1,763,987,0
txn_18076,cust_9552,22325.26,failed,expired_card,debit_card,26,2,116636.52000000002,4486.02,0,0,220,753,1
txn_65904,cust_9772,19261.31,failed,network_error,debit_card,43,1,51685.57,1201.99,1,0,72,81,1
txn_94860,cust_9391,73.53,failed,suspected_fraud,netbanking,12,4,42333.24,3527.77,2,0,276,848,0
txn_95970,cust_6025,7952.09,failed,insufficient_funds,credit_card,49,8,173640.31999999998,3543.6799999999994,0,0,653,821,1
txn_90140,cust_8635,18585.57,failed,network_error,upi,36,6,18902.159999999996,525.06,1,0,231,429,1
txn_57366,cust_1794,1468.17,failed,authentication_failed,debit_card,14,8,35495.880000000005,2535.4200000000005,1,1,206,409,1
txn_14369,cust_8248,1624.21,failed,insufficient_funds,debit_card,31,9,151745.93,4895.03,0,0,10,39,1
txn_94816,cust_7627,13329.53,failed,expired_card,debit_card,19,6,33656.6,1771.3999999999999,2,0,163,407,0
txn_19808,cust_1557,13923.51,failed,insufficient_funds,credit_card,13,2,12236.9,941.3,1,1,454,633,1
txn_52407,cust_3324,312.62,failed,authentication_failed,debit_card,42,8,176522.64,4202.92,1,0,28,982,0
txn_84935,cust_7079,15617.44,failed,card_declined,credit_card,29,8,95135.95000000001,3280.55,2,2,136,260,0
txn_10908,cust_6291,15641.82,failed,suspected_fraud,upi,24,4,48426.0,2017.75,1,0,53,539,0
txn_20967,cust_5147,19899.77,failed,card_declined,credit_card,34,1,25244.66,742.49,2,0,466,912,1
txn_50725,cust_1559,22891.15,failed,insufficient_funds,debit_card,1,8,2342.4,2342.4,1,1,243,385,1
txn_85973,cust_2484,10638.69,failed,network_error,debit_card,10,8,22543.1,2254.31,1,0,39,967,1
txn_69526,cust_4856,22281.83,failed,insufficient_funds,credit_card,35,9,26863.899999999998,767.54,1,0,1,47,1
txn_21055,cust_6639,11549.97,failed,expired_card,netbanking,18,7,22455.899999999998,1247.55,2,2,99,155,1
txn_34687,cust_8529,4032.77,failed,insufficient_funds,upi,46,8,112363.28,2442.68,2,0,166,231,1
txn_91981,cust_6196,19612.34,failed,expired_card,credit_card,28,2,42804.44,1528.73,1,0,101,161,0
txn_93828,cust_4925,13662.93,failed,expired_card,upi,43,4,112303.09999999999,2611.7,0,0,584,833,0
txn_98290,cust_7266,19999.49,failed,card_declined,upi,0,9,0.0,0.0,1,0,107,658,0
txn_16408,cust_6278,4043.85,failed,suspected_fraud,netbanking,1,2,1679.98,1679.98,0,0,300,896,0
txn_86534,cust_3433,14717.75,failed,card_declined,upi,16,4,25452.96,1590.81,0,0,45,747,0
txn_57458,cust_8493,23861.52,failed,authentication_failed,credit_card,29,3,142053.02,4898.379999999999,0,0,361,396,0
txn_49386,cust_3841,15612.37,failed,network_error,credit_card,47,7,217849.23,4635.09,0,0,77,348,0
txn_66132,cust_2351,4142.57,failed,authentication_failed,debit_card,10,6,44272.9,4427.29,2,1,450,599,1
txn_14123,cust_2059,3901.33,failed,insufficient_funds,upi,23,3,43771.990000000005,1903.1300000000003,1,1,317,651,1
txn_22121,cust_9702,10463.81,failed,insufficient_funds,netbanking,48,5,171620.63999999998,3575.43,2,1,108,560,1
txn_68390,cust_7176,10597.83,failed,network_error,credit_card,48,6,51776.16,1078.67,2,1,193,336,1
txn_59979,cust_4534,14520.05,failed,insufficient_funds,debit_card,43,9,56987.04,1325.28,1,1,84,111,1
txn_16749,cust_7457,24214.41,failed,card_declined,upi,33,8,40029.99,1213.03,1,0,66,497,1
txn_37603,cust_8222,2716.74,failed,network_error,debit_card,4,6,13194.08,3298.52,1,1,478,643,1
txn_54322,cust_2938,21699.25,failed,insufficient_funds,credit_card,27,4,82284.93000000001,3047.59,0,0,92,441,0
txn_17038,cust_1005,11646.37,failed,authentication_failed,debit_card,1,4,4088.68,4088.68,1,0,522,526,0
txn_56612,cust_3792,530.26,failed,network_error,credit_card,43,7,191059.31999999998,4443.24,0,0,117,213,1
txn_94553,cust_8155,8359.33,failed,insufficient_funds,debit_card,32,6,46902.4,1465.7,2,2,162,224,1
txn_69414,cust_4793,14217.63,failed,insufficient_funds,credit_card,46,7,181584.53999999998,3947.4899999999993,0,0,193,681,1
txn_88883,cust_4811,13868.32,failed,insufficient_funds,credit_card,26,6,26476.32,1018.3199999999999,1,0,228,932,0
